,added_at,is_local,primary_color,added_by.external_urls.spotify,added_by.href,added_by.id,added_by.type,added_by.uri,track.album.album_type,track.album.artists,track.album.available_markets,track.album.external_urls.spotify,track.album.href,track.album.id,track.album.images,track.album.name,track.album.release_date,track.album.release_date_precision,track.album.total_tracks,track.album.type,track.album.uri,track.artists,track.available_markets,track.disc_number,track.duration_ms,track.episode,track.explicit,track.external_ids.isrc,track.external_urls.spotify,track.href,track.id,track.is_local,track.name,track.popularity,track.preview_url,track.track,track.track_number,track.type,track.uri,video_thumbnail.url
0,2022-11-06T19:45:57Z,False,,https://open.spotify.com/user/james_yang_,https://api.spotify.com/v1/users/james_yang_,james_yang_,user,spotify:user:james_yang_,album,"[{'external_urls': {'spotify': 'https://open.spotify.com/artist/31HjiqargV4NAw4GZqUale'}, 'href': 'https://api.spotify.com/v1/artists/31HjiqargV4NAw4GZqUale', 'id': '31HjiqargV4NAw4GZqUale', 'name': 'Ace Hood', 'type': 'artist', 'uri': 'spotify:artist:31HjiqargV4NAw4GZqUale'}]","['AD', 'AE', 'AG', 'AL', 'AM', 'AO', 'AR', 'AT', 'AU', 'AZ', 'BA', 'BB', 'BD', 'BE', 'BF', 'BG', 'BH', 'BI', 'BJ', 'BN', 'BO', 'BR', 'BS', 'BT', 'BW', 'BY', 'BZ', 'CA', 'CD', 'CG', 'CH', 'CI', 'CL', 'CM', 'CO', 'CR', 'CV', 'CW', 'CY', 'CZ', 'DE', 'DJ', 'DK', 'DM', 'DO', 'DZ', 'EC', 'EE', 'EG', 'ES', 'ET', 'FI', 'FJ', 'FM', 'FR', 'GA', 'GB', 'GD', 'GE', 'GH', 'GM', 'GN', 'GQ', 'GR', 'GT', 'GW', 'GY', 'HK', 'HN', 'HR', 'HT', 'HU', 'ID', 'IE', 'IL', 'IN', 'IQ', 'IS', 'IT', 'JM', 'JO', 'JP', 'KE', 'KG', 'KH', 'KI', 'KM', 'KN', 'KR', 'KW', 'KZ', 'LA', 'LB', 'LC', 'LI', 'LK', 'LR', 'LS', 'LT', 'LU', 'LV', 'LY', 'MA', 'MC', 'MD', 'ME', 'MG', 'MH', 'MK', 'ML', 'MN', 'MO', 'MR', 'MT', 'MU', 'MV', 'MW', 'MX', 'MY', 'MZ', 'NA', 'NE', 'NG', 'NI', 'NL', 'NO', 'NP', 'NR', 'NZ', 'OM', 'PA', 'PE', 'PG', 'PH', 'PK', 'PL', 'PS', 'PT', 'PW', 'PY', 'QA', 'RO', 'RS', 'RW', 'SA', 'SB', 'SC', 'SE', 'SG', 'SI', 'SK', 'SL', 'SM', 'SN', 'SR', 'ST', 'SV', 'SZ', 'TD', 'TG', 'TH', 'TJ', 'TL', 'TN', 'TO', 'TR', 'TT', 'TV', 'TW', 'TZ', 'UA', 'UG', 'US', 'UY', 'UZ', 'VC', 'VE', 'VN', 'VU', 'WS', 'XK', 'ZA', 'ZM', 'ZW']",https://open.spotify.com/album/4jqmUJ8Jex2D0Gjj7AyNTt,https://api.spotify.com/v1/albums/4jqmUJ8Jex2D0Gjj7AyNTt,4jqmUJ8Jex2D0Gjj7AyNTt,"[{'height': 640, 'url': 'https://i.scdn.co/image/ab67616d0000b27365930858e3f6563c2dd2e5bc', 'width': 640}, {'height': 300, 'url': 'https://i.scdn.co/image/ab67616d00001e0265930858e3f6563c2dd2e5bc', 'width': 300}, {'height': 64, 'url': 'https://i.scdn.co/image/ab67616d0000485165930858e3f6563c2dd2e5bc', 'width': 64}]",Mr. Hood,2020-05-29,day,14,album,spotify:album:4jqmUJ8Jex2D0Gjj7AyNTt,"[{'external_urls': {'spotify': 'https://open.spotify.com/artist/31HjiqargV4NAw4GZqUale'}, 'href': 'https://api.spotify.com/v1/artists/31HjiqargV4NAw4GZqUale', 'id': '31HjiqargV4NAw4GZqUale', 'name': 'Ace Hood', 'type': 'artist', 'uri': 'spotify:artist:31HjiqargV4NAw4GZqUale'}]","['AD', 'AE', 'AG', 'AL', 'AM', 'AO', 'AR', 'AT', 'AU', 'AZ', 'BA', 'BB', 'BD', 'BE', 'BF', 'BG', 'BH', 'BI', 'BJ', 'BN', 'BO', 'BR', 'BS', 'BT', 'BW', 'BY', 'BZ', 'CA', 'CD', 'CG', 'CH', 'CI', 'CL', 'CM', 'CO', 'CR', 'CV', 'CW', 'CY', 'CZ', 'DE', 'DJ', 'DK', 'DM', 'DO', 'DZ', 'EC', 'EE', 'EG', 'ES', 'ET', 'FI', 'FJ', 'FM', 'FR', 'GA', 'GB', 'GD', 'GE', 'GH', 'GM', 'GN', 'GQ', 'GR', 'GT', 'GW', 'GY', 'HK', 'HN', 'HR', 'HT', 'HU', 'ID', 'IE', 'IL', 'IN', 'IQ', 'IS', 'IT', 'JM', 'JO', 'JP', 'KE', 'KG', 'KH', 'KI', 'KM', 'KN', 'KR', 'KW', 'KZ', 'LA', 'LB', 'LC', 'LI', 'LK', 'LR', 'LS', 'LT', 'LU', 'LV', 'LY', 'MA', 'MC', 'MD', 'ME', 'MG', 'MH', 'MK', 'ML', 'MN', 'MO', 'MR', 'MT', 'MU', 'MV', 'MW', 'MX', 'MY', 'MZ', 'NA', 'NE', 'NG', 'NI', 'NL', 'NO', 'NP', 'NR', 'NZ', 'OM', 'PA', 'PE', 'PG', 'PH', 'PK', 'PL', 'PS', 'PT', 'PW', 'PY', 'QA', 'RO', 'RS', 'RW', 'SA', 'SB', 'SC', 'SE', 'SG', 'SI', 'SK', 'SL', 'SM', 'SN', 'SR', 'ST', 'SV', 'SZ', 'TD', 'TG', 'TH', 'TJ', 'TL', 'TN', 'TO', 'TR', 'TT', 'TV', 'TW', 'TZ', 'UA', 'UG', 'US', 'UY', 'UZ', 'VC', 'VE', 'VN', 'VU', 'WS', 'XK', 'ZA', 'ZM', 'ZW']",1,171861,False,True,USUYG1293623,https://open.spotify.com/track/1LkLhiaErdTSExrUE8Igr9,https://api.spotify.com/v1/tracks/1LkLhiaErdTSExrUE8Igr9,1LkLhiaErdTSExrUE8Igr9,False,Big Fish,61,https://p.scdn.co/mp3-preview/6f10f02002df66ec96d125641072fe8934f85720?cid=7cda6c1856a24d109ba5521fd35fd5a3,True,4,track,spotify:track:1LkLhiaErdTSExrUE8Igr9,
1,2022-11-10T17:31:42Z,False,,https://open.spotify.com/user/james_yang_,https://api.spotify.com/v1/users/james_yang_,james_yang_,user,spotify:user:james_yang_,single,"[{'external_urls': {'spotify': 'https://open.spotify.com/artist/3ycxRkcZ67ALN3GQJ57Vig'}, 'href': 'https://api.spotify.com/v1/artists/3ycxRkcZ67ALN3GQJ57Vig', 'id': '3ycxRkcZ67ALN3GQJ57Vig', 'name': 'Masego', 'type': 'artist', 'uri': 'spotify:artist:3ycxRkcZ67ALN3GQJ57Vig'}]","['AD', 'AE', 'AG', 'AL', 'AM', 'AO', 'AR', 'AT', 'AU', 'AZ', 'BA', 'BB', 'BD', 'BE', 'BF', 'BG', 'BH', 'BI', 'BJ', 'BN', 'BO', 'BR', 'BS', 'BT', 'BW', 'BZ', 'CA', 'CD', 'CG', 'CH', 'CI', 'CL', 'CM', 'CO', 'CR', 'CV', 'CW', 'CY', 'CZ', 'DE', 'DJ', 'DK', 'DM', 'DO', 'DZ', 'EC', 'EE', 'EG', 'ES', 'ET', 'FI', 'FJ', 'FM', 'FR', 'GA', 'GB', 'GD', 'GE', 'GH', 'GM', 'GN', 'GQ', 'GR', 'GT', 'GW', 'GY', 'HK', 'HN', 'HR', 'HT', 'HU', 'ID', 'IE', 'IL', 'IN', 'IQ', 'IS', 'IT', 'JM', 'JO', 'JP', 'KE', 'KG', 'KH', 'KI', 'KM', 'KN', 'KR', 'KW', 'KZ', 'LA', 'LB', 'LC', 'LI', 'LK', 'LR', 'LS', 'LT', 'LU', 'LV', 'LY', 'MA', 'MC', 'MD', 'ME', 'MG', 'MH', 'MK', 'ML', 'MN', 'MO', 'MR', 'MT', 'MU', 'MV', 'MW', 'MX', 'MY', 'MZ', 'NA', 'NE', 'NG', 'NI', 'NL', 'NO', 'NP', 'NR', 'NZ', 'OM', 'PA', 'PE', 'PG', 'PH', 'PK', 'PL', 'PS', 'PT', 'PW', 'PY', 'QA', 'RO', 'RS', 'RW', 'SA', 'SB', 'SC', 'SE', 'SG', 'SI', 'SK', 'SL', 'SM', 'SN', 'SR', 'ST', 'SV', 'SZ', 'TD', 'TG', 'TH', 'TJ', 'TL', 'TN', 'TO', 'TR', 'TT', 'TV', 'TW', 'TZ', 'UA', 'UG', 'US', 'UY', 'UZ', 'VC', 'VE', 'VN', 'VU', 'WS', 'XK', 'ZA', 'ZM', 'ZW']",https://open.spotify.com/album/0jKDicrmgUCTSNGRYXffXm,https://api.spotify.com/v1/albums/0jKDicrmgUCTSNGRYXffXm,0jKDicrmgUCTSNGRYXffXm,"[{'height': 640, 'url': 'https://i.scdn.co/image/ab67616d0000b2733c94dda877e3e932283f37a4', 'width': 640}, {'height': 300, 'url': 'https://i.scdn.co/image/ab67616d00001e023c94dda877e3e932283f37a4', 'width': 300}, {'height': 64, 'url': 'https://i.scdn.co/image/ab67616d000048513c94dda877e3e932283f37a4', 'width': 64}]",Say You Want Me,2022-11-04,day,1,album,spotify:album:0jKDicrmgUCTSNGRYXffXm,"[{'external_urls': {'spotify': 'https://open.spotify.com/artist/3ycxRkcZ67ALN3GQJ57Vig'}, 'href': 'https://api.spotify.com/v1/artists/3ycxRkcZ67ALN3GQJ57Vig', 'id': '3ycxRkcZ67ALN3GQJ57Vig', 'name': 'Masego', 'type': 'artist', 'uri': 'spotify:artist:3ycxRkcZ67ALN3GQJ57Vig'}]","['AD', 'AE', 'AG', 'AL', 'AM', 'AO', 'AR', 'AT', 'AU', 'AZ', 'BA', 'BB', 'BD', 'BE', 'BF', 'BG', 'BH', 'BI', 'BJ', 'BN', 'BO', 'BR', 'BS', 'BT', 'BW', 'BZ', 'CA', 'CD', 'CG', 'CH', 'CI', 'CL', 'CM', 'CO', 'CR', 'CV', 'CW', 'CY', 'CZ', 'DE', 'DJ', 'DK', 'DM', 'DO', 'DZ', 'EC', 'EE', 'EG', 'ES', 'ET', 'FI', 'FJ', 'FM', 'FR', 'GA', 'GB', 'GD', 'GE', 'GH', 'GM', 'GN', 'GQ', 'GR', 'GT', 'GW', 'GY', 'HK', 'HN', 'HR', 'HT', 'HU', 'ID', 'IE', 'IL', 'IN', 'IQ', 'IS', 'IT', 'JM', 'JO', 'JP', 'KE', 'KG', 'KH', 'KI', 'KM', 'KN', 'KR', 'KW', 'KZ', 'LA', 'LB', 'LC', 'LI', 'LK', 'LR', 'LS', 'LT', 'LU', 'LV', 'LY', 'MA', 'MC', 'MD', 'ME', 'MG', 'MH', 'MK', 'ML', 'MN', 'MO', 'MR', 'MT', 'MU', 'MV', 'MW', 'MX', 'MY', 'MZ', 'NA', 'NE', 'NG', 'NI', 'NL', 'NO', 'NP', 'NR', 'NZ', 'OM', 'PA', 'PE', 'PG', 'PH', 'PK', 'PL', 'PS', 'PT', 'PW', 'PY', 'QA', 'RO', 'RS', 'RW', 'SA', 'SB', 'SC', 'SE', 'SG', 'SI', 'SK', 'SL', 'SM', 'SN', 'SR', 'ST', 'SV', 'SZ', 'TD', 'TG', 'TH', 'TJ', 'TL', 'TN', 'TO', 'TR', 'TT', 'TV', 'TW', 'TZ', 'UA', 'UG', 'US', 'UY', 'UZ', 'VC', 'VE', 'VN', 'VU', 'WS', 'XK', 'ZA', 'ZM', 'ZW']",1,196494,False,False,USUM72219714,https://open.spotify.com/track/1xTYy3K3hiTcoZfoD7culn,https://api.spotify.com/v1/tracks/1xTYy3K3hiTcoZfoD7culn,1xTYy3K3hiTcoZfoD7culn,False,Say You Want Me,68,,True,1,track,spotify:track:1xTYy3K3hiTcoZfoD7culn,
2,2022-11-12T01:59:30Z,False,,https://open.spotify.com/user/james_yang_,https://api.spotify.com/v1/users/james_yang_,james_yang_,user,spotify:user:james_yang_,album,"[{'external_urls': {'spotify': 'https://open.spotify.com/artist/4fxd5Ee7UefO4CUXgwJ7IP'}, 'href': 'https://api.spotify.com/v1/artists/4fxd5Ee7UefO4CUXgwJ7IP', 'id': '4fxd5Ee7UefO4CUXgwJ7IP', 'name': 'Giveon', 'type': 'artist', 'uri': 'spotify:artist:4fxd5Ee7UefO4CUXgwJ7IP'}]","['AD', 'AE', 'AG', 'AL', 'AM', 'AO', 'AR', 'AT', 'AU', 'AZ', 'BA', 'BB', 'BD', 'BE', 'BF', 'BG', 'BH', 'BI', 'BJ', 'BN', 'BO', 'BR', 'BS', 'BT', 'BW', 'BY', 'BZ', 'CA', 'CD', 'CG', 'CH', 'CI', 'CL', 'CM', 'CO', 'CR', 'CV', 'CW', 'CY', 'CZ', 'DE', 'DJ', 'DK', 'DM', 'DO', 'DZ', 'EC', 'EE', 'EG', 'ES', 'ET', 'FI', 'FJ', 'FM', 'FR', 'GA', 'GB', 'GD', 'GE', 'GH', 'GM', 'GN', 'GQ', 'GR', 'GT', 'GW', 'GY', 'HK', 'HN', 'HR', 'HT', 'HU', 'ID', 'IE', 'IL', 'IN', 'IQ', 'IS', 'IT', 'JM', 'JO', 'JP', 'KE', 'KG', 'KH', 'KI', 'KM', 'KN', 'KR', 'KW', 'KZ', 'LA', 'LB', 'LC', 'LI', 'LK', 'LR', 'LS', 'LT', 'LU', 'LV', 'LY', 'MA', 'MC', 'MD', 'ME', 'MG', 'MH', 'MK', 'ML', 'MN', 'MO', 'MR', 'MT', 'MU', 'MV', 'MW', 'MX', 'MY', 'MZ', 'NA', 'NE', 'NG', 'NI', 'NL', 'NO', 'NP', 'NR', 'NZ', 'OM', 'PA', 'PE', 'PG', 'PH', 'PK', 'PL', 'PS', 'PT', 'PW', 'PY', 'QA', 'RO', 'RS', 'RW', 'SA', 'SB', 'SC', 'SE', 'SG', 'SI', 'SK', 'SL', 'SM', 'SN', 'SR', 'ST', 'SV', 'SZ', 'TD', 'TG', 'TH', 'TJ', 'TL', 'TN', 'TO', 'TR', 'TT', 'TV', 'TW', 'TZ', 'UA', 'UG', 'US', 'UY', 'UZ', 'VC', 'VE', 'VN', 'VU', 'WS', 'XK', 'ZA', 'ZM', 'ZW']",https://open.spotify.com/album/64LkgCfNbLqjclQYCTid8L,https://api.spotify.com/v1/albums/64LkgCfNbLqjclQYCTid8L,64LkgCfNbLqjclQYCTid8L,"[{'height': 640, 'url': 'https://i.scdn.co/image/ab67616d0000b2732739e569d6b6d0e0abc8cd9b', 'width': 640}, {'height': 300, 'url': 'https://i.scdn.co/image/ab67616d00001e022739e569d6b6d0e0abc8cd9b', 'width': 300}, {'height': 64, 'url': 'https://i.scdn.co/image/ab67616d000048512739e569d6b6d0e0abc8cd9b', 'width': 64}]",Give Or Take,2022-06-24,day,15,album,spotify:album:64LkgCfNbLqjclQYCTid8L,"[{'external_urls': {'spotify': 'https://open.spotify.com/artist/4fxd5Ee7UefO4CUXgwJ7IP'}, 'href': 'https://api.spotify.com/v1/artists/4fxd5Ee7UefO4CUXgwJ7IP', 'id': '4fxd5Ee7UefO4CUXgwJ7IP', 'name': 'Giveon', 'type': 'artist', 'uri': 'spotify:artist:4fxd5Ee7UefO4CUXgwJ7IP'}]","['AD', 'AE', 'AG', 'AL', 'AM', 'AO', 'AR', 'AT', 'AU', 'AZ', 'BA', 'BB', 'BD', 'BE', 'BF', 'BG', 'BH', 'BI', 'BJ', 'BN', 'BO', 'BR', 'BS', 'BT', 'BW', 'BY', 'BZ', 'CA', 'CD', 'CG', 'CH', 'CI', 'CL', 'CM', 'CO', 'CR', 'CV', 'CW', 'CY', 'CZ', 'DE', 'DJ', 'DK', 'DM', 'DO', 'DZ', 'EC', 'EE', 'EG', 'ES', 'ET', 'FI', 'FJ', 'FM', 'FR', 'GA', 'GB', 'GD', 'GE', 'GH', 'GM', 'GN', 'GQ', 'GR', 'GT', 'GW', 'GY', 'HK', 'HN', 'HR', 'HT', 'HU', 'ID', 'IE', 'IL', 'IN', 'IQ', 'IS', 'IT', 'JM', 'JO', 'JP', 'KE', 'KG', 'KH', 'KI', 'KM', 'KN', 'KR', 'KW', 'KZ', 'LA', 'LB', 'LC', 'LI', 'LK', 'LR', 'LS', 'LT', 'LU', 'LV', 'LY', 'MA', 'MC', 'MD', 'ME', 'MG', 'MH', 'MK', 'ML', 'MN', 'MO', 'MR', 'MT', 'MU', 'MV', 'MW', 'MX', 'MY', 'MZ', 'NA', 'NE', 'NG', 'NI', 'NL', 'NO', 'NP', 'NR', 'NZ', 'OM', 'PA', 'PE', 'PG', 'PH', 'PK', 'PL', 'PS', 'PT', 'PW', 'PY', 'QA', 'RO', 'RS', 'RW', 'SA', 'SB', 'SC', 'SE', 'SG', 'SI', 'SK', 'SL', 'SM', 'SN', 'SR', 'ST', 'SV', 'SZ', 'TD', 'TG', 'TH', 'TJ', 'TL', 'TN', 'TO', 'TR', 'TT', 'TV', 'TW', 'TZ', 'UA', 'UG', 'US', 'UY', 'UZ', 'VC', 'VE', 'VN', 'VU', 'WS', 'XK', 'ZA', 'ZM', 'ZW']",1,192257,False,False,USSM12106837,https://open.spotify.com/track/1TlTzdsEpgfsmbuNfYmWfG,https://api.spotify.com/v1/tracks/1TlTzdsEpgfsmbuNfYmWfG,1TlTzdsEpgfsmbuNfYmWfG,False,For Tonight,73,https://p.scdn.co/mp3-preview/e0d0b89f2825f078eb3476fd7f6c6a7d0905ca3a?cid=7cda6c1856a24d109ba5521fd35fd5a3,True,9,track,spotify:track:1TlTzdsEpgfsmbuNfYmWfG,
3,2022-11-12T02:07:09Z,False,,https://open.spotify.com/user/james_yang_,https://api.spotify.com/v1/users/james_yang_,james_yang_,user,spotify:user:james_yang_,album,"[{'external_urls': {'spotify': 'https://open.spotify.com/artist/4fxd5Ee7UefO4CUXgwJ7IP'}, 'href': 'https://api.spotify.com/v1/artists/4fxd5Ee7UefO4CUXgwJ7IP', 'id': '4fxd5Ee7UefO4CUXgwJ7IP', 'name': 'Giveon', 'type': 'artist', 'uri': 'spotify:artist:4fxd5Ee7UefO4CUXgwJ7IP'}]","['AD', 'AE', 'AG', 'AL', 'AM', 'AO', 'AR', 'AT', 'AU', 'AZ', 'BA', 'BB', 'BD', 'BE', 'BF', 'BG', 'BH', 'BI', 'BJ', 'BN', 'BO', 'BR', 'BS', 'BT', 'BW', 'BY', 'BZ', 'CA', 'CD', 'CG', 'CH', 'CI', 'CL', 'CM', 'CO', 'CR', 'CV', 'CW', 'CY', 'CZ', 'DE', 'DJ', 'DK', 'DM', 'DO', 'DZ', 'EC', 'EE', 'EG', 'ES', 'ET', 'FI', 'FJ', 'FM', 'FR', 'GA', 'GB', 'GD', 'GE', 'GH', 'GM', 'GN', 'GQ', 'GR', 'GT', 'GW', 'GY', 'HK', 'HN', 'HR', 'HT', 'HU', 'ID', 'IE', 'IL', 'IN', 'IQ', 'IS', 'IT', 'JM', 'JO', 'JP', 'KE', 'KG', 'KH', 'KI', 'KM', 'KN', 'KR', 'KW', 'KZ', 'LA', 'LB', 'LC', 'LI', 'LK', 'LR', 'LS', 'LT', 'LU', 'LV', 'LY', 'MA', 'MC', 'MD', 'ME', 'MG', 'MH', 'MK', 'ML', 'MN', 'MO', 'MR', 'MT', 'MU', 'MV', 'MW', 'MX', 'MY', 'MZ', 'NA', 'NE', 'NG', 'NI', 'NL', 'NO', 'NP', 'NR', 'NZ', 'OM', 'PA', 'PE', 'PG', 'PH', 'PK', 'PL', 'PS', 'PT', 'PW', 'PY', 'QA', 'RO', 'RS', 'RW', 'SA', 'SB', 'SC', 'SE', 'SG', 'SI', 'SK', 'SL', 'SM', 'SN', 'SR', 'ST', 'SV', 'SZ', 'TD', 'TG', 'TH', 'TJ', 'TL', 'TN', 'TO', 'TR', 'TT', 'TV', 'TW', 'TZ', 'UA', 'UG', 'US', 'UY', 'UZ', 'VC', 'VE', 'VN', 'VU', 'WS', 'XK', 'ZA', 'ZM', 'ZW']",https://open.spotify.com/album/64LkgCfNbLqjclQYCTid8L,https://api.spotify.com/v1/albums/64LkgCfNbLqjclQYCTid8L,64LkgCfNbLqjclQYCTid8L,"[{'height': 640, 'url': 'https://i.scdn.co/image/ab67616d0000b2732739e569d6b6d0e0abc8cd9b', 'width': 640}, {'height': 300, 'url': 'https://i.scdn.co/image/ab67616d00001e022739e569d6b6d0e0abc8cd9b', 'width': 300}, {'height': 64, 'url': 'https://i.scdn.co/image/ab67616d000048512739e569d6b6d0e0abc8cd9b', 'width': 64}]",Give Or Take,2022-06-24,day,15,album,spotify:album:64LkgCfNbLqjclQYCTid8L,"[{'external_urls': {'spotify': 'https://open.spotify.com/artist/4fxd5Ee7UefO4CUXgwJ7IP'}, 'href': 'https://api.spotify.com/v1/artists/4fxd5Ee7UefO4CUXgwJ7IP', 'id': '4fxd5Ee7UefO4CUXgwJ7IP', 'name': 'Giveon', 'type': 'artist', 'uri': 'spotify:artist:4fxd5Ee7UefO4CUXgwJ7IP'}]","['AD', 'AE', 'AG', 'AL', 'AM', 'AO', 'AR', 'AT', 'AU', 'AZ', 'BA', 'BB', 'BD', 'BE', 'BF', 'BG', 'BH', 'BI', 'BJ', 'BN', 'BO', 'BR', 'BS', 'BT', 'BW', 'BY', 'BZ', 'CA', 'CD', 'CG', 'CH', 'CI', 'CL', 'CM', 'CO', 'CR', 'CV', 'CW', 'CY', 'CZ', 'DE', 'DJ', 'DK', 'DM', 'DO', 'DZ', 'EC', 'EE', 'EG', 'ES', 'ET', 'FI', 'FJ', 'FM', 'FR', 'GA', 'GB', 'GD', 'GE', 'GH', 'GM', 'GN', 'GQ', 'GR', 'GT', 'GW', 'GY', 'HK', 'HN', 'HR', 'HT', 'HU', 'ID', 'IE', 'IL', 'IN', 'IQ', 'IS', 'IT', 'JM', 'JO', 'JP', 'KE', 'KG', 'KH', 'KI', 'KM', 'KN', 'KR', 'KW', 'KZ', 'LA', 'LB', 'LC', 'LI', 'LK', 'LR', 'LS', 'LT', 'LU', 'LV', 'LY', 'MA', 'MC', 'MD', 'ME', 'MG', 'MH', 'MK', 'ML', 'MN', 'MO', 'MR', 'MT', 'MU', 'MV', 'MW', 'MX', 'MY', 'MZ', 'NA', 'NE', 'NG', 'NI', 'NL', 'NO', 'NP', 'NR', 'NZ', 'OM', 'PA', 'PE', 'PG', 'PH', 'PK', 'PL', 'PS', 'PT', 'PW', 'PY', 'QA', 'RO', 'RS', 'RW', 'SA', 'SB', 'SC', 'SE', 'SG', 'SI', 'SK', 'SL', 'SM', 'SN', 'SR', 'ST', 'SV', 'SZ', 'TD', 'TG', 'TH', 'TJ', 'TL', 'TN', 'TO', 'TR', 'TT', 'TV', 'TW', 'TZ', 'UA', 'UG', 'US', 'UY', 'UZ', 'VC', 'VE', 'VN', 'VU', 'WS', 'XK', 'ZA', 'ZM', 'ZW']",1,180953,False,False,USSM12107665,https://open.spotify.com/track/6TSO4hwz9WGrEUY7ABGVim,https://api.spotify.com/v1/tracks/6TSO4hwz9WGrEUY7ABGVim,6TSO4hwz9WGrEUY7ABGVim,False,Lost Me,78,https://p.scdn.co/mp3-preview/61415f407212d2ecf4434990c42c67e715739b93?cid=7cda6c1856a24d109ba5521fd35fd5a3,True,10,track,spotify:track:6TSO4hwz9WGrEUY7ABGVim,
4,2022-11-12T02:08:07Z,False,,https://open.spotify.com/user/james_yang_,https://api.spotify.com/v1/users/james_yang_,james_yang_,user,spotify:user:james_yang_,album,"[{'external_urls': {'spotify': 'https://open.spotify.com/artist/5HfuDsFVNaxn4NAW00HqbH'}, 'href': 'https://api.spotify.com/v1/artists/5HfuDsFVNaxn4NAW00HqbH', 'id': '5HfuDsFVNaxn4NAW00HqbH', 'name': 'Kaleb Mitchell', 'type': 'artist', 'uri': 'spotify:artist:5HfuDsFVNaxn4NAW00HqbH'}]","['AD', 'AE', 'AG', 'AL', 'AM', 'AO', 'AR', 'AT', 'AU', 'AZ', 'BA', 'BB', 'BD', 'BE', 'BF', 'BG', 'BH', 'BI', 'BJ', 'BN', 'BO', 'BR', 'BS', 'BT', 'BW', 'BY', 'BZ', 'CA', 'CD', 'CG', 'CH', 'CI', 'CL', 'CM', 'CO', 'CR', 'CV', 'CW', 'CY', 'CZ', 'DE', 'DJ', 'DK', 'DM', 'DO', 'DZ', 'EC', 'EE', 'EG', 'ES', 'ET', 'FI', 'FJ', 'FM', 'FR', 'GA', 'GB', 'GD', 'GE', 'GH', 'GM', 'GN', 'GQ', 'GR', 'GT', 'GW', 'GY', 'HK', 'HN', 'HR', 'HT', 'HU', 'ID', 'IE', 'IL', 'IN', 'IQ', 'IS', 'IT', 'JM', 'JO', 'JP', 'KE', 'KG', 'KH', 'KI', 'KM', 'KN', 'KR', 'KW', 'KZ', 'LA', 'LB', 'LC', 'LI', 'LK', 'LR', 'LS', 'LT', 'LU', 'LV', 'LY', 'MA', 'MC', 'MD', 'ME', 'MG', 'MH', 'MK', 'ML', 'MN', 'MO', 'MR', 'MT', 'MU', 'MV', 'MW', 'MX', 'MY', 'MZ', 'NA', 'NE', 'NG', 'NI', 'NL', 'NO', 'NP', 'NR', 'NZ', 'OM', 'PA', 'PE', 'PG', 'PH', 'PK', 'PL', 'PS', 'PT', 'PW', 'PY', 'QA', 'RO', 'RS', 'RW', 'SA', 'SB', 'SC', 'SE', 'SG', 'SI', 'SK', 'SL', 'SM', 'SN', 'SR', 'ST', 'SV', 'SZ', 'TD', 'TG', 'TH', 'TJ', 'TL', 'TN', 'TO', 'TR', 'TT', 'TV', 'TW', 'TZ', 'UA', 'UG', 'US', 'UY', 'UZ', 'VC', 'VE', 'VN', 'VU', 'WS', 'XK', 'ZA', 'ZM', 'ZW']",https://open.spotify.com/album/5TEaeIwxE18cMitpKn4pfr,https://api.spotify.com/v1/albums/5TEaeIwxE18cMitpKn4pfr,5TEaeIwxE18cMitpKn4pfr,"[{'height': 640, 'url': 'https://i.scdn.co/image/ab67616d0000b27374dc8ba6c0cd1d9c4ef0ddee', 'width': 640}, {'height': 300, 'url': 'https://i.scdn.co/image/ab67616d00001e0274dc8ba6c0cd1d9c4ef0ddee', 'width': 300}, {'height': 64, 'url': 'https://i.scdn.co/image/ab67616d0000485174dc8ba6c0cd1d9c4ef0ddee', 'width': 64}]",So Help Me God II,2021-02-05,day,13,album,spotify:album:5TEaeIwxE18cMitpKn4pfr,"[{'external_urls': {'spotify': 'https://open.spotify.com/artist/5HfuDsFVNaxn4NAW00HqbH'}, 'href': 'https://api.spotify.com/v1/artists/5HfuDsFVNaxn4NAW00HqbH', 'id': '5HfuDsFVNaxn4NAW00HqbH', 'name': 'Kaleb Mitchell', 'type': 'artist', 'uri': 'spotify:artist:5HfuDsFVNaxn4NAW00HqbH'}, {'external_urls': {'spotify': 'https://open.spotify.com/artist/3UjPnt2nRmw10N58bBeNOg'}, 'href': 'https://api.spotify.com/v1/artists/3UjPnt2nRmw10N58bBeNOg', 'id': '3UjPnt2nRmw10N58bBeNOg', 'name': 'Xavier Omär', 'type': 'artist', 'uri': 'spotify:artist:3UjPnt2nRmw10N58bBeNOg'}]","['AD', 'AE', 'AG', 'AL', 'AM', 'AO', 'AR', 'AT', 'AU', 'AZ', 'BA', 'BB', 'BD', 'BE', 'BF', 'BG', 'BH', 'BI', 'BJ', 'BN', 'BO', 'BR', 'BS', 'BT', 'BW', 'BY', 'BZ', 'CA', 'CD', 'CG', 'CH', 'CI', 'CL', 'CM', 'CO', 'CR', 'CV', 'CW', 'CY', 'CZ', 'DE', 'DJ', 'DK', 'DM', 'DO', 'DZ', 'EC', 'EE', 'EG', 'ES', 'ET', 'FI', 'FJ', 'FM', 'FR', 'GA', 'GB', 'GD', 'GE', 'GH', 'GM', 'GN', 'GQ', 'GR', 'GT', 'GW', 'GY', 'HK', 'HN', 'HR', 'HT', 'HU', 'ID', 'IE', 'IL', 'IN', 'IQ', 'IS', 'IT', 'JM', 'JO', 'JP', 'KE', 'KG', 'KH', 'KI', 'KM', 'KN', 'KR', 'KW', 'KZ', 'LA', 'LB', 'LC', 'LI', 'LK', 'LR', 'LS', 'LT', 'LU', 'LV', 'LY', 'MA', 'MC', 'MD', 'ME', 'MG', 'MH', 'MK', 'ML', 'MN', 'MO', 'MR', 'MT', 'MU', 'MV', 'MW', 'MX', 'MY', 'MZ', 'NA', 'NE', 'NG', 'NI', 'NL', 'NO', 'NP', 'NR', 'NZ', 'OM', 'PA', 'PE', 'PG', 'PH', 'PK', 'PL', 'PS', 'PT', 'PW', 'PY', 'QA', 'RO', 'RS', 'RW', 'SA', 'SB', 'SC', 'SE', 'SG', 'SI', 'SK', 'SL', 'SM', 'SN', 'SR', 'ST', 'SV', 'SZ', 'TD', 'TG', 'TH', 'TJ', 'TL', 'TN', 'TO', 'TR', 'TT', 'TV', 'TW', 'TZ', 'UA', 'UG', 'US', 'UY', 'UZ', 'VC', 'VE', 'VN', 'VU', 'WS', 'XK', 'ZA', 'ZM', 'ZW']",1,169928,False,False,QMGR32216500,https://open.spotify.com/track/1nxL6V0z2sk6cFmo9rHy0T,https://api.spotify.com/v1/tracks/1nxL6V0z2sk6cFmo9rHy0T,1nxL6V0z2sk6cFmo9rHy0T,False,FOOL,62,https://p.scdn.co/mp3-preview/e4ce6314cd9a33a639b39825b2656e41d896feb1?cid=7cda6c1856a24d109ba5521fd35fd5a3,True,7,track,spotify:track:1nxL6V0z2sk6cFmo9rHy0T,
5,2022-11-12T18:20:58Z,False,,https://open.spotify.com/user/james_yang_,https://api.spotify.com/v1/users/james_yang_,james_yang_,user,spotify:user:james_yang_,album,"[{'external_urls': {'spotify': 'https://open.spotify.com/artist/5pKCCKE2ajJHZ9KAiaK11H'}, 'href': 'https://api.spotify.com/v1/artists/5pKCCKE2ajJHZ9KAiaK11H', 'id': '5pKCCKE2ajJHZ9KAiaK11H', 'name': 'Rihanna', 'type': 'artist', 'uri': 'spotify:artist:5pKCCKE2ajJHZ9KAiaK11H'}, {'external_urls': {'spotify': 'https://open.spotify.com/artist/687cZJR45JO7jhk1LHIbgq'}, 'href': 'https://api.spotify.com/v1/artists/687cZJR45JO7jhk1LHIbgq', 'id': '687cZJR45JO7jhk1LHIbgq', 'name': 'Tems', 'type': 'artist', 'uri': 'spotify:artist:687cZJR45JO7jhk1LHIbgq'}]","['AD', 'AE', 'AG', 'AL', 'AM', 'AO', 'AR', 'AT', 'AU', 'AZ', 'BA', 'BB', 'BD', 'BE', 'BF', 'BG', 'BH', 'BI', 'BJ', 'BN', 'BO', 'BR', 'BS', 'BT', 'BW', 'BZ', 'CA', 'CD', 'CG', 'CH', 'CI', 'CL', 'CM', 'CO', 'CR', 'CV', 'CW', 'CY', 'CZ', 'DE', 'DJ', 'DK', 'DM', 'DO', 'DZ', 'EC', 'EE', 'EG', 'ES', 'ET', 'FI', 'FJ', 'FM', 'FR', 'GA', 'GB', 'GD', 'GE', 'GH', 'GM', 'GN', 'GQ', 'GR', 'GT', 'GW', 'GY', 'HK', 'HN', 'HR', 'HT', 'HU', 'ID', 'IE', 'IL', 'IN', 'IQ', 'IS', 'IT', 'JM', 'JO', 'JP', 'KE', 'KG', 'KH', 'KI', 'KM', 'KN', 'KR', 'KW', 'KZ', 'LA', 'LB', 'LC', 'LI', 'LK', 'LR', 'LS', 'LT', 'LU', 'LV', 'LY', 'MA', 'MC', 'MD', 'ME', 'MG', 'MH', 'MK', 'ML', 'MN', 'MO', 'MR', 'MT', 'MU', 'MV', 'MW', 'MX', 'MY', 'MZ', 'NA', 'NE', 'NG', 'NI', 'NL', 'NO', 'NP', 'NR', 'NZ', 'OM', 'PA', 'PE', 'PG', 'PH', 'PK', 'PL', 'PS', 'PT', 'PW', 'PY', 'QA', 'RO', 'RS', 'RW', 'SA', 'SB', 'SC', 'SE', 'SG', 'SI', 'SK', 'SL', 'SM', 'SN', 'SR', 'ST', 'SV', 'SZ', 'TD', 'TG', 'TH', 'TJ', 'TL', 'TN', 'TO', 'TR', 'TT', 'TV', 'TW', 'TZ', 'UA', 'UG', 'US', 'UY', 'UZ', 'VC', 'VE', 'VN', 'VU', 'WS', 'XK', 'ZA', 'ZM', 'ZW']",https://open.spotify.com/album/06RK0wX4GqHcxBtHlVoGH5,https://api.spotify.com/v1/albums/06RK0wX4GqHcxBtHlVoGH5,06RK0wX4GqHcxBtHlVoGH5,"[{'height': 640, 'url': 'https://i.scdn.co/image/ab67616d0000b273992a1f56ac5382848277cff2', 'width': 640}, {'height': 300, 'url': 'https://i.scdn.co/image/ab67616d00001e02992a1f56ac5382848277cff2', 'width': 300}, {'height': 64, 'url': 'https://i.scdn.co/image/ab67616d00004851992a1f56ac5382848277cff2', 'width': 64}]",Black Panther: Wakanda Forever - Music From and Inspired By,2022-11-11,day,20,album,spotify:album:06RK0wX4GqHcxBtHlVoGH5,"[{'external_urls': {'spotify': 'https://open.spotify.com/artist/3Oa0mJQWQrUOqJ8fcLuu7l'}, 'href': 'https://api.spotify.com/v1/artists/3Oa0mJQWQrUOqJ8fcLuu7l', 'id': '3Oa0mJQWQrUOqJ8fcLuu7l', 'name': 'DBN Gogo', 'type': 'artist', 'uri': 'spotify:artist:3Oa0mJQWQrUOqJ8fcLuu7l'}, {'external_urls': {'spotify': 'https://open.spotify.com/artist/5zvuXUYTvZczhbPG9HZRYI'}, 'href': 'https://api.spotify.com/v1/artists/5zvuXUYTvZczhbPG9HZRYI', 'id': '5zvuXUYTvZczhbPG9HZRYI', 'name': 'Sino Msolo', 'type': 'artist', 'uri': 'spotify:artist:5zvuXUYTvZczhbPG9HZRYI'}, {'external_urls': {'spotify': 'https://open.spotify.com/artist/788jOE9HMUy9heDK8EIkon'}, 'href': 'https://api.spotify.com/v1/artists/788jOE9HMUy9heDK8EIkon', 'id': '788jOE9HMUy9heDK8EIkon', 'name': 'Kamo Mphela', 'type': 'artist', 'uri': 'spotify:artist:788jOE9HMUy9heDK8EIkon'}, {'external_urls': {'spotify': 'https://open.spotify.com/artist/6WQFTzqYHmh8Ph2X0L0QLQ'}, 'href': 'https://api.spotify.com/v1/artists/6WQFTzqYHmh8Ph2X0L0QLQ', 'id': '6WQFTzqYHmh8Ph2X0L0QLQ', 'name': 'Young Stunna', 'type': 'artist', 'uri': 'spotify:artist:6WQFTzqYHmh8Ph2X0L0QLQ'}, {'external_urls': {'spotify': 'https://open.spotify.com/artist/3RThWxnHbyN5Hvkr66eYj7'}, 'href': 'https://api.spotify.com/v1/artists/3RThWxnHbyN5Hvkr66eYj7', 'id': '3RThWxnHbyN5Hvkr66eYj7', 'name': 'Busiswa', 'type': 'artist', 'uri': 'spotify:artist:3RThWxnHbyN5Hvkr66eYj7'}]","['AD', 'AE', 'AG', 'AL', 'AM', 'AO', 'AR', 'AT', 'AU', 'AZ', 'BA', 'BB', 'BD', 'BE', 'BF', 'BG', 'BH', 'BI', 'BJ', 'BN', 'BO', 'BR', 'BS', 'BT', 'BW', 'BZ', 'CA', 'CD', 'CG', 'CH', 'CI', 'CL', 'CM', 'CO', 'CR', 'CV', 'CW', 'CY', 'CZ', 'DE', 'DJ', 'DK', 'DM', 'DO', 'DZ', 'EC', 'EE', 'EG', 'ES', 'ET', 'FI', 'FJ', 'FM', 'FR', 'GA', 'GB', 'GD', 'GE', 'GH', 'GM', 'GN', 'GQ', 'GR', 'GT', 'GW', 'GY', 'HK', 'HN', 'HR', 'HT', 'HU', 'ID', 'IE', 'IL', 'IN', 'IQ', 'IS', 'IT', 'JM', 'JO', 'JP', 'KE', 'KG', 'KH', 'KI', 'KM', 'KN', 'KR', 'KW', 'KZ', 'LA', 'LB', 'LC', 'LI', 'LK', 'LR', 'LS', 'LT', 'LU', 'LV', 'LY', 'MA', 'MC', 'MD', 'ME', 'MG', 'MH', 'MK', 'ML', 'MN', 'MO', 'MR', 'MT', 'MU', 'MV', 'MW', 'MX', 'MY', 'MZ', 'NA', 'NE', 'NG', 'NI', 'NL', 'NO', 'NP', 'NR', 'NZ', 'OM', 'PA', 'PE', 'PG', 'PH', 'PK', 'PL', 'PS', 'PT', 'PW', 'PY', 'QA', 'RO', 'RS', 'RW', 'SA', 'SB', 'SC', 'SE', 'SG', 'SI', 'SK', 'SL', 'SM', 'SN', 'SR', 'ST', 'SV', 'SZ', 'TD', 'TG', 'TH', 'TJ', 'TL', 'TN', 'TO', 'TR', 'TT', 'TV', 'TW', 'TZ', 'UA', 'UG', 'US', 'UY', 'UZ', 'VC', 'VE', 'VN', 'VU', 'WS', 'XK', 'ZA', 'ZM', 'ZW']",1,380053,False,False,USHR12244831,https://open.spotify.com/track/6KsDoI8iySmXQ6UaSPuAx4,https://api.spotify.com/v1/tracks/6KsDoI8iySmXQ6UaSPuAx4,6KsDoI8iySmXQ6UaSPuAx4,False,Love & Loyalty (Believe),61,,True,2,track,spotify:track:6KsDoI8iySmXQ6UaSPuAx4,
6,2022-11-21T20:12:18Z,False,,https://open.spotify.com/user/james_yang_,https://api.spotify.com/v1/users/james_yang_,james_yang_,user,spotify:user:james_yang_,single,"[{'external_urls': {'spotify': 'https://open.spotify.com/artist/2ODTjg0iTHX1QxBeRNI6nT'}, 'href': 'https://api.spotify.com/v1/artists/2ODTjg0iTHX1QxBeRNI6nT', 'id': '2ODTjg0iTHX1QxBeRNI6nT', 'name': 'Katori Walker', 'type': 'artist', 'uri': 'spotify:artist:2ODTjg0iTHX1QxBeRNI6nT'}]","['AD', 'AE', 'AG', 'AL', 'AM', 'AO', 'AR', 'AT', 'AU', 'AZ', 'BA', 'BB', 'BD', 'BE', 'BG', 'BH', 'BI', 'BJ', 'BO', 'BR', 'BS', 'BT', 'BW', 'BZ', 'CA', 'CD', 'CG', 'CH', 'CI', 'CL', 'CM', 'CO', 'CR', 'CV', 'CW', 'CY', 'CZ', 'DE', 'DJ', 'DK', 'DM', 'DO', 'DZ', 'EC', 'EE', 'EG', 'ES', 'ET', 'FI', 'FJ', 'FM', 'FR', 'GA', 'GB', 'GD', 'GE', 'GH', 'GM', 'GN', 'GQ', 'GR', 'GT', 'GW', 'GY', 'HK', 'HN', 'HR', 'HT', 'HU', 'ID', 'IE', 'IL', 'IN', 'IQ', 'IS', 'IT', 'JM', 'JO', 'JP', 'KE', 'KG', 'KH', 'KI', 'KM', 'KN', 'KR', 'KW', 'KZ', 'LA', 'LB', 'LC', 'LI', 'LK', 'LR', 'LS', 'LT', 'LU', 'LV', 'LY', 'MA', 'MC', 'MD', 'ME', 'MG', 'MH', 'MK', 'ML', 'MN', 'MO', 'MR', 'MT', 'MU', 'MV', 'MW', 'MX', 'MY', 'MZ', 'NA', 'NE', 'NG', 'NI', 'NL', 'NO', 'NR', 'NZ', 'OM', 'PA', 'PE', 'PG', 'PH', 'PK', 'PL', 'PS', 'PT', 'PW', 'PY', 'QA', 'RO', 'RS', 'RW', 'SA', 'SB', 'SC', 'SE', 'SG', 'SI', 'SK', 'SL', 'SM', 'SN', 'SR', 'ST', 'SV', 'SZ', 'TD', 'TG', 'TH', 'TJ', 'TL', 'TN', 'TO', 'TR', 'TT', 'TV', 'TW', 'TZ', 'UA', 'UG', 'US', 'UY', 'VC', 'VE', 'VN', 'VU', 'WS', 'XK', 'ZA', 'ZM', 'ZW']",https://open.spotify.com/album/3U4rgO0LD7qayzRKtRa3cU,https://api.spotify.com/v1/albums/3U4rgO0LD7qayzRKtRa3cU,3U4rgO0LD7qayzRKtRa3cU,"[{'height': 640, 'url': 'https://i.scdn.co/image/ab67616d0000b273db9f0bf7a5928a83d466bf0c', 'width': 640}, {'height': 300, 'url': 'https://i.scdn.co/image/ab67616d00001e02db9f0bf7a5928a83d466bf0c', 'width': 300}, {'height': 64, 'url': 'https://i.scdn.co/image/ab67616d00004851db9f0bf7a5928a83d466bf0c', 'width': 64}]",Stubborn,2019-03-29,day,7,album,spotify:album:3U4rgO0LD7qayzRKtRa3cU,"[{'external_urls': {'spotify': 'https://open.spotify.com/artist/2ODTjg0iTHX1QxBeRNI6nT'}, 'href': 'https://api.spotify.com/v1/artists/2ODTjg0iTHX1QxBeRNI6nT', 'id': '2ODTjg0iTHX1QxBeRNI6nT', 'name': 'Katori Walker', 'type': 'artist', 'uri': 'spotify:artist:2ODTjg0iTHX1QxBeRNI6nT'}, {'external_urls': {'spotify': 'https://open.spotify.com/artist/4gfGNNGyZ5CssoNIXnIOIc'}, 'href': 'https://api.spotify.com/v1/artists/4gfGNNGyZ5CssoNIXnIOIc', 'id': '4gfGNNGyZ5CssoNIXnIOIc', 'name': 'Elijah James', 'type': 'artist', 'uri': 'spotify:artist:4gfGNNGyZ5CssoNIXnIOIc'}]","['AD', 'AE', 'AG', 'AL', 'AM', 'AO', 'AR', 'AT', 'AU', 'AZ', 'BA', 'BB', 'BD', 'BE', 'BG', 'BH', 'BI', 'BJ', 'BO', 'BR', 'BS', 'BT', 'BW', 'BZ', 'CA', 'CD', 'CG', 'CH', 'CI', 'CL', 'CM', 'CO', 'CR', 'CV', 'CW', 'CY', 'CZ', 'DE', 'DJ', 'DK', 'DM', 'DO', 'DZ', 'EC', 'EE', 'EG', 'ES', 'ET', 'FI', 'FJ', 'FM', 'FR', 'GA', 'GB', 'GD', 'GE', 'GH', 'GM', 'GN', 'GQ', 'GR', 'GT', 'GW', 'GY', 'HK', 'HN', 'HR', 'HT', 'HU', 'ID', 'IE', 'IL', 'IN', 'IQ', 'IS', 'IT', 'JM', 'JO', 'JP', 'KE', 'KG', 'KH', 'KI', 'KM', 'KN', 'KR', 'KW', 'KZ', 'LA', 'LB', 'LC', 'LI', 'LK', 'LR', 'LS', 'LT', 'LU', 'LV', 'LY', 'MA', 'MC', 'MD', 'ME', 'MG', 'MH', 'MK', 'ML', 'MN', 'MO', 'MR', 'MT', 'MU', 'MV', 'MW', 'MX', 'MY', 'MZ', 'NA', 'NE', 'NG', 'NI', 'NL', 'NO', 'NR', 'NZ', 'OM', 'PA', 'PE', 'PG', 'PH', 'PK', 'PL', 'PS', 'PT', 'PW', 'PY', 'QA', 'RO', 'RS', 'RW', 'SA', 'SB', 'SC', 'SE', 'SG', 'SI', 'SK', 'SL', 'SM', 'SN', 'SR', 'ST', 'SV', 'SZ', 'TD', 'TG', 'TH', 'TJ', 'TL', 'TN', 'TO', 'TR', 'TT', 'TV', 'TW', 'TZ', 'UA', 'UG', 'US', 'UY', 'VC', 'VE', 'VN', 'VU', 'WS', 'XK', 'ZA', 'ZM', 'ZW']",1,288607,False,True,USUG11900495,https://open.spotify.com/track/4Oazo0wCebF3Unr9uYiCIo,https://api.spotify.com/v1/tracks/4Oazo0wCebF3Unr9uYiCIo,4Oazo0wCebF3Unr9uYiCIo,False,Sometimes,40,,True,3,track,spotify:track:4Oazo0wCebF3Unr9uYiCIo,
7,2022-11-26T18:42:11Z,False,,https://open.spotify.com/user/james_yang_,https://api.spotify.com/v1/users/james_yang_,james_yang_,user,spotify:user:james_yang_,single,"[{'external_urls': {'spotify': 'https://open.spotify.com/artist/27w1NoOLMX7tJMYqcetPyG'}, 'href': 'https://api.spotify.com/v1/artists/27w1NoOLMX7tJMYqcetPyG', 'id': '27w1NoOLMX7tJMYqcetPyG', 'name': 'VIC MENSA', 'type': 'artist', 'uri': 'spotify:artist:27w1NoOLMX7tJMYqcetPyG'}, {'external_urls': {'spotify': 'https://open.spotify.com/artist/07d5etnpjriczFBB8pxmRe'}, 'href': 'https://api.spotify.com/v1/artists/07d5etnpjriczFBB8pxmRe', 'id': '07d5etnpjriczFBB8pxmRe', 'name': 'BJ The Chicago Kid', 'type': 'artist', 'uri': 'spotify:artist:07d5etnpjriczFBB8pxmRe'}, {'external_urls': {'spotify': 'https://open.spotify.com/artist/1gigbUTiibYWCQybsJB5V1'}, 'href': 'https://api.spotify.com/v1/artists/1gigbUTiibYWCQybsJB5V1', 'id': '1gigbUTiibYWCQybsJB5V1', 'name': 'Papi Beatz', 'type': 'artist', 'uri': 'spotify:artist:1gigbUTiibYWCQybsJB5V1'}]","['AD', 'AE', 'AG', 'AL', 'AM', 'AO', 'AR', 'AT', 'AU', 'AZ', 'BA', 'BB', 'BD', 'BE', 'BF', 'BG', 'BH', 'BI', 'BJ', 'BN', 'BO', 'BR', 'BS', 'BT', 'BW', 'BY', 'BZ', 'CA', 'CD', 'CG', 'CH', 'CI', 'CL', 'CM', 'CO', 'CR', 'CV', 'CW', 'CY', 'CZ', 'DE', 'DJ', 'DK', 'DM', 'DO', 'DZ', 'EC', 'EE', 'EG', 'ES', 'ET', 'FI', 'FJ', 'FM', 'FR', 'GA', 'GB', 'GD', 'GE', 'GH', 'GM', 'GN', 'GQ', 'GR', 'GT', 'GW', 'GY', 'HK', 'HN', 'HR', 'HT', 'HU', 'ID', 'IE', 'IL', 'IN', 'IQ', 'IS', 'IT', 'JM', 'JO', 'JP', 'KE', 'KG', 'KH', 'KI', 'KM', 'KN', 'KR', 'KW', 'KZ', 'LA', 'LB', 'LC', 'LI', 'LK', 'LR', 'LS', 'LT', 'LU', 'LV', 'LY', 'MA', 'MC', 'MD', 'ME', 'MG', 'MH', 'MK', 'ML', 'MN', 'MO', 'MR', 'MT', 'MU', 'MV', 'MW', 'MX', 'MY', 'MZ', 'NA', 'NE', 'NG', 'NI', 'NL', 'NO', 'NP', 'NR', 'NZ', 'OM', 'PA', 'PE', 'PG', 'PH', 'PK', 'PL', 'PS', 'PT', 'PW', 'PY', 'QA', 'RO', 'RS', 'RW', 'SA', 'SB', 'SC', 'SE', 'SG', 'SI', 'SK', 'SL', 'SM', 'SN', 'SR', 'ST', 'SV', 'SZ', 'TD', 'TG', 'TH', 'TJ', 'TL', 'TN', 'TO', 'TR', 'TT', 'TV', 'TW', 'TZ', 'UA', 'UG', 'US', 'UY', 'UZ', 'VC', 'VE', 'VN', 'VU', 'WS', 'XK', 'ZA', 'ZM', 'ZW']",https://open.spotify.com/album/4JfNpRVj6k4huueybILbcJ,https://api.spotify.com/v1/albums/4JfNpRVj6k4huueybILbcJ,4JfNpRVj6k4huueybILbcJ,"[{'height': 640, 'url': 'https://i.scdn.co/image/ab67616d0000b273f23dfb16c47f149a6d753905', 'width': 640}, {'height': 300, 'url': 'https://i.scdn.co/image/ab67616d00001e02f23dfb16c47f149a6d753905', 'width': 300}, {'height': 64, 'url': 'https://i.scdn.co/image/ab67616d00004851f23dfb16c47f149a6d753905', 'width': 64}]",THE TASTE feat. BJ The Chicago Kid & Papi Beatz,2021-09-22,day,1,album,spotify:album:4JfNpRVj6k4huueybILbcJ,"[{'external_urls': {'spotify': 'https://open.spotify.com/artist/27w1NoOLMX7tJMYqcetPyG'}, 'href': 'https://api.spotify.com/v1/artists/27w1NoOLMX7tJMYqcetPyG', 'id': '27w1NoOLMX7tJMYqcetPyG', 'name': 'VIC MENSA', 'type': 'artist', 'uri': 'spotify:artist:27w1NoOLMX7tJMYqcetPyG'}, {'external_urls': {'spotify': 'https://open.spotify.com/artist/07d5etnpjriczFBB8pxmRe'}, 'href': 'https://api.spotify.com/v1/artists/07d5etnpjriczFBB8pxmRe', 'id': '07d5etnpjriczFBB8pxmRe', 'name': 'BJ The Chicago Kid', 'type': 'artist', 'uri': 'spotify:artist:07d5etnpjriczFBB8pxmRe'}, {'external_urls': {'spotify': 'https://open.spotify.com/artist/1gigbUTiibYWCQybsJB5V1'}, 'href': 'https://api.spotify.com/v1/artists/1gigbUTiibYWCQybsJB5V1', 'id': '1gigbUTiibYWCQybsJB5V1', 'name': 'Papi Beatz', 'type': 'artist', 'uri': 'spotify:artist:1gigbUTiibYWCQybsJB5V1'}]","['AD', 'AE', 'AG', 'AL', 'AM', 'AO', 'AR', 'AT', 'AU', 'AZ', 'BA', 'BB', 'BD', 'BE', 'BF', 'BG', 'BH', 'BI', 'BJ', 'BN', 'BO', 'BR', 'BS', 'BT', 'BW', 'BY', 'BZ', 'CA', 'CD', 'CG', 'CH', 'CI', 'CL', 'CM', 'CO', 'CR', 'CV', 'CW', 'CY', 'CZ', 'DE', 'DJ', 'DK', 'DM', 'DO', 'DZ', 'EC', 'EE', 'EG', 'ES', 'ET', 'FI', 'FJ', 'FM', 'FR', 'GA', 'GB', 'GD', 'GE', 'GH', 'GM', 'GN', 'GQ', 'GR', 'GT', 'GW', 'GY', 'HK', 'HN', 'HR', 'HT', 'HU', 'ID', 'IE', 'IL', 'IN', 'IQ', 'IS', 'IT', 'JM', 'JO', 'JP', 'KE', 'KG', 'KH', 'KI', 'KM', 'KN', 'KR', 'KW', 'KZ', 'LA', 'LB', 'LC', 'LI', 'LK', 'LR', 'LS', 'LT', 'LU', 'LV', 'LY', 'MA', 'MC', 'MD', 'ME', 'MG', 'MH', 'MK', 'ML', 'MN', 'MO', 'MR', 'MT', 'MU', 'MV', 'MW', 'MX', 'MY', 'MZ', 'NA', 'NE', 'NG', 'NI', 'NL', 'NO', 'NP', 'NR', 'NZ', 'OM', 'PA', 'PE', 'PG', 'PH', 'PK', 'PL', 'PS', 'PT', 'PW', 'PY', 'QA', 'RO', 'RS', 'RW', 'SA', 'SB', 'SC', 'SE', 'SG', 'SI', 'SK', 'SL', 'SM', 'SN', 'SR', 'ST', 'SV', 'SZ', 'TD', 'TG', 'TH', 'TJ', 'TL', 'TN', 'TO', 'TR', 'TT', 'TV', 'TW', 'TZ', 'UA', 'UG', 'US', 'UY', 'UZ', 'VC', 'VE', 'VN', 'VU', 'WS', 'XK', 'ZA', 'ZM', 'ZW']",1,186195,False,True,QMJMT2103852,https://open.spotify.com/track/58aAwDsUeZsl5DjBkqMuBG,https://api.spotify.com/v1/tracks/58aAwDsUeZsl5DjBkqMuBG,58aAwDsUeZsl5DjBkqMuBG,False,THE TASTE feat. BJ The Chicago Kid & Papi Beatz,47,,True,1,track,spotify:track:58aAwDsUeZsl5DjBkqMuBG,
8,2022-11-28T16:27:04Z,False,,https://open.spotify.com/user/james_yang_,https://api.spotify.com/v1/users/james_yang_,james_yang_,user,spotify:user:james_yang_,album,"[{'external_urls': {'spotify': 'https://open.spotify.com/artist/757aE44tKEUQEqRuT6GnEB'}, 'href': 'https://api.spotify.com/v1/artists/757aE44tKEUQEqRuT6GnEB', 'id': '757aE44tKEUQEqRuT6GnEB', 'name': 'Roddy Ricch', 'type': 'artist', 'uri': 'spotify:artist:757aE44tKEUQEqRuT6GnEB'}]","['AD', 'AE', 'AG', 'AL', 'AM', 'AO', 'AR', 'AT', 'AU', 'AZ', 'BA', 'BB', 'BD', 'BE', 'BF', 'BG', 'BH', 'BI', 'BJ', 'BN', 'BO', 'BR', 'BS', 'BT', 'BW', 'BZ', 'CA', 'CD', 'CG', 'CH', 'CI', 'CL', 'CM', 'CO', 'CR', 'CV', 'CW', 'CY', 'CZ', 'DE', 'DJ', 'DK', 'DM', 'DO', 'DZ', 'EC', 'EE', 'EG', 'ES', 'ET', 'FI', 'FJ', 'FM', 'FR', 'GA', 'GB', 'GD', 'GE', 'GH', 'GM', 'GN', 'GQ', 'GR', 'GT', 'GW', 'GY', 'HK', 'HN', 'HR', 'HT', 'HU', 'ID', 'IE', 'IL', 'IN', 'IQ', 'IS', 'IT', 'JM', 'JO', 'JP', 'KE', 'KG', 'KH', 'KI', 'KM', 'KN', 'KR', 'KW', 'KZ', 'LA', 'LB', 'LC', 'LI', 'LK', 'LR', 'LS', 'LT', 'LU', 'LV', 'LY', 'MA', 'MC', 'MD', 'ME', 'MG', 'MH', 'MK', 'ML', 'MN', 'MO', 'MR', 'MT', 'MU', 'MV', 'MW', 'MX', 'MY', 'MZ', 'NA', 'NE', 'NG', 'NI', 'NL', 'NO', 'NP', 'NR', 'NZ', 'OM', 'PA', 'PE', 'PG', 'PH', 'PK', 'PL', 'PS', 'PT', 'PW', 'PY', 'QA', 'RO', 'RS', 'RW', 'SA', 'SB', 'SC', 'SE', 'SG', 'SI', 'SK', 'SL', 'SM', 'SN', 'SR', 'ST', 'SV', 'SZ', 'TD', 'TG', 'TH', 'TJ', 'TL', 'TN', 'TO', 'TR', 'TT', 'TV', 'TW', 'TZ', 'UA', 'UG', 'US', 'UY', 'UZ', 'VC', 'VE', 'VN', 'VU', 'WS', 'XK', 'ZA', 'ZM', 'ZW']",https://open.spotify.com/album/2ZiBfBw770CJC0f4SI1Tji,https://api.spotify.com/v1/albums/2ZiBfBw770CJC0f4SI1Tji,2ZiBfBw770CJC0f4SI1Tji,"[{'height': 640, 'url': 'https://i.scdn.co/image/ab67616d0000b273d513f31f1445121235424acb', 'width': 640}, {'height': 300, 'url': 'https://i.scdn.co/image/ab67616d00001e02d513f31f1445121235424acb', 'width': 300}, {'height': 64, 'url': 'https://i.scdn.co/image/ab67616d00004851d513f31f1445121235424acb', 'width': 64}]",Feed Tha Streets III,2022-11-18,day,15,album,spotify:album:2ZiBfBw770CJC0f4SI1Tji,"[{'external_urls': {'spotify': 'https://open.spotify.com/artist/757aE44tKEUQEqRuT6GnEB'}, 'href': 'https://api.spotify.com/v1/artists/757aE44tKEUQEqRuT6GnEB', 'id': '757aE44tKEUQEqRuT6GnEB', 'name': 'Roddy Ricch', 'type': 'artist', 'uri': 'spotify:artist:757aE44tKEUQEqRuT6GnEB'}, {'external_urls': {'spotify': 'https://open.spotify.com/artist/7c0XG5cIJTrrAgEC3ULPiq'}, 'href': 'https://api.spotify.com/v1/artists/7c0XG5cIJTrrAgEC3ULPiq', 'id': '7c0XG5cIJTrrAgEC3ULPiq', 'name': 'Ty Dolla $ign', 'type': 'artist', 'uri': 'spotify:artist:7c0XG5cIJTrrAgEC3ULPiq'}]","['AD', 'AE', 'AG', 'AL', 'AM', 'AO', 'AR', 'AT', 'AU', 'AZ', 'BA', 'BB', 'BD', 'BE', 'BF', 'BG', 'BH', 'BI', 'BJ', 'BN', 'BO', 'BR', 'BS', 'BT', 'BW', 'BZ', 'CA', 'CD', 'CG', 'CH', 'CI', 'CL', 'CM', 'CO', 'CR', 'CV', 'CW', 'CY', 'CZ', 'DE', 'DJ', 'DK', 'DM', 'DO', 'DZ', 'EC', 'EE', 'EG', 'ES', 'ET', 'FI', 'FJ', 'FM', 'FR', 'GA', 'GB', 'GD', 'GE', 'GH', 'GM', 'GN', 'GQ', 'GR', 'GT', 'GW', 'GY', 'HK', 'HN', 'HR', 'HT', 'HU', 'ID', 'IE', 'IL', 'IN', 'IQ', 'IS', 'IT', 'JM', 'JO', 'JP', 'KE', 'KG', 'KH', 'KI', 'KM', 'KN', 'KR', 'KW', 'KZ', 'LA', 'LB', 'LC', 'LI', 'LK', 'LR', 'LS', 'LT', 'LU', 'LV', 'LY', 'MA', 'MC', 'MD', 'ME', 'MG', 'MH', 'MK', 'ML', 'MN', 'MO', 'MR', 'MT', 'MU', 'MV', 'MW', 'MX', 'MY', 'MZ', 'NA', 'NE', 'NG', 'NI', 'NL', 'NO', 'NP', 'NR', 'NZ', 'OM', 'PA', 'PE', 'PG', 'PH', 'PK', 'PL', 'PS', 'PT', 'PW', 'PY', 'QA', 'RO', 'RS', 'RW', 'SA', 'SB', 'SC', 'SE', 'SG', 'SI', 'SK', 'SL', 'SM', 'SN', 'SR', 'ST', 'SV', 'SZ', 'TD', 'TG', 'TH', 'TJ', 'TL', 'TN', 'TO', 'TR', 'TT', 'TV', 'TW', 'TZ', 'UA', 'UG', 'US', 'UY', 'UZ', 'VC', 'VE', 'VN', 'VU', 'WS', 'XK', 'ZA', 'ZM', 'ZW']",1,169005,False,True,USAT22220956,https://open.spotify.com/track/0tgAhrvNPhSyMZR0wWbv6Z,https://api.spotify.com/v1/tracks/0tgAhrvNPhSyMZR0wWbv6Z,0tgAhrvNPhSyMZR0wWbv6Z,False,#1 Freak (feat. Ty Dolla $ign),67,https://p.scdn.co/mp3-preview/4d92a7c27739a94dac58434332cf391bd02f667e?cid=7cda6c1856a24d109ba5521fd35fd5a3,True,12,track,spotify:track:0tgAhrvNPhSyMZR0wWbv6Z,
9,2022-11-28T16:27:08Z,False,,https://open.spotify.com/user/james_yang_,https://api.spotify.com/v1/users/james_yang_,james_yang_,user,spotify:user:james_yang_,single,"[{'external_urls': {'spotify': 'https://open.spotify.com/artist/6Xgp2XMz1fhVYe7i6yNAax'}, 'href': 'https://api.spotify.com/v1/artists/6Xgp2XMz1fhVYe7i6yNAax', 'id': '6Xgp2XMz1fhVYe7i6yNAax', 'name': 'Trippie Redd', 'type': 'artist', 'uri': 'spotify:artist:6Xgp2XMz1fhVYe7i6yNAax'}]","['AD', 'AE', 'AG', 'AL', 'AM', 'AO', 'AR', 'AT', 'AU', 'AZ', 'BA', 'BB', 'BD', 'BE', 'BF', 'BG', 'BH', 'BI', 'BJ', 'BN', 'BO', 'BR', 'BS', 'BT', 'BW', 'BZ', 'CA', 'CD', 'CG', 'CH', 'CI', 'CL', 'CM', 'CO', 'CR', 'CV', 'CW', 'CY', 'CZ', 'DE', 'DJ', 'DK', 'DM', 'DO', 'DZ', 'EC', 'EE', 'EG', 'ES', 'ET', 'FI', 'FJ', 'FM', 'FR', 'GA', 'GB', 'GD', 'GE', 'GH', 'GM', 'GN', 'GQ', 'GR', 'GT', 'GW', 'GY', 'HK', 'HN', 'HR', 'HT', 'HU', 'ID', 'IE', 'IL', 'IN', 'IQ', 'IS', 'IT', 'JM', 'JO', 'JP', 'KE', 'KG', 'KH', 'KI', 'KM', 'KN', 'KR', 'KW', 'KZ', 'LA', 'LB', 'LC', 'LI', 'LK', 'LR', 'LS', 'LT', 'LU', 'LV', 'LY', 'MA', 'MC', 'MD', 'ME', 'MG', 'MH', 'MK', 'ML', 'MN', 'MO', 'MR', 'MT', 'MU', 'MV', 'MW', 'MX', 'MY', 'MZ', 'NA', 'NE', 'NG', 'NI', 'NL', 'NO', 'NP', 'NR', 'NZ', 'OM', 'PA', 'PE', 'PG', 'PH', 'PK', 'PL', 'PS', 'PT', 'PW', 'PY', 'QA', 'RO', 'RS', 'RW', 'SA', 'SB', 'SC', 'SE', 'SG', 'SI', 'SK', 'SL', 'SM', 'SN', 'SR', 'ST', 'SV', 'SZ', 'TD', 'TG', 'TH', 'TJ', 'TL', 'TN', 'TO', 'TR', 'TT', 'TV', 'TW', 'TZ', 'UA', 'UG', 'US', 'UY', 'UZ', 'VC', 'VE', 'VN', 'VU', 'WS', 'XK', 'ZA', 'ZM', 'ZW']",https://open.spotify.com/album/2XlxXuumhYX4lIU2nXoUXw,https://api.spotify.com/v1/albums/2XlxXuumhYX4lIU2nXoUXw,2XlxXuumhYX4lIU2nXoUXw,"[{'height': 640, 'url': 'https://i.scdn.co/image/ab67616d0000b273413bc75c3539a3f425308af5', 'width': 640}, {'height': 300, 'url': 'https://i.scdn.co/image/ab67616d00001e02413bc75c3539a3f425308af5', 'width': 300}, {'height': 64, 'url': 'https://i.scdn.co/image/ab67616d00004851413bc75c3539a3f425308af5', 'width': 64}]",Ain’t Safe (feat. Don Toliver),2022-10-28,day,1,album,spotify:album:2XlxXuumhYX4lIU2nXoUXw,"[{'external_urls': {'spotify': 'https://open.spotify.com/artist/6Xgp2XMz1fhVYe7i6yNAax'}, 'href': 'https://api.spotify.com/v1/artists/6Xgp2XMz1fhVYe7i6yNAax', 'id': '6Xgp2XMz1fhVYe7i6yNAax', 'name': 'Trippie Redd', 'type': 'artist', 'uri': 'spotify:artist:6Xgp2XMz1fhVYe7i6yNAax'}, {'external_urls': {'spotify': 'https://open.spotify.com/artist/4Gso3d4CscCijv0lmajZWs'}, 'href': 'https://api.spotify.com/v1/artists/4Gso3d4CscCijv0lmajZWs', 'id': '4Gso3d4CscCijv0lmajZWs', 'name': 'Don Toliver', 'type': 'artist', 'uri': 'spotify:artist:4Gso3d4CscCijv0lmajZWs'}]","['AD', 'AE', 'AG', 'AL', 'AM', 'AO', 'AR', 'AT', 'AU', 'AZ', 'BA', 'BB', 'BD', 'BE', 'BF', 'BG', 'BH', 'BI', 'BJ', 'BN', 'BO', 'BR', 'BS', 'BT', 'BW', 'BZ', 'CA', 'CD', 'CG', 'CH', 'CI', 'CL', 'CM', 'CO', 'CR', 'CV', 'CW', 'CY', 'CZ', 'DE', 'DJ', 'DK', 'DM', 'DO', 'DZ', 'EC', 'EE', 'EG', 'ES', 'ET', 'FI', 'FJ', 'FM', 'FR', 'GA', 'GB', 'GD', 'GE', 'GH', 'GM', 'GN', 'GQ', 'GR', 'GT', 'GW', 'GY', 'HK', 'HN', 'HR', 'HT', 'HU', 'ID', 'IE', 'IL', 'IN', 'IQ', 'IS', 'IT', 'JM', 'JO', 'JP', 'KE', 'KG', 'KH', 'KI', 'KM', 'KN', 'KR', 'KW', 'KZ', 'LA', 'LB', 'LC', 'LI', 'LK', 'LR', 'LS', 'LT', 'LU', 'LV', 'LY', 'MA', 'MC', 'MD', 'ME', 'MG', 'MH', 'MK', 'ML', 'MN', 'MO', 'MR', 'MT', 'MU', 'MV', 'MW', 'MX', 'MY', 'MZ', 'NA', 'NE', 'NG', 'NI', 'NL', 'NO', 'NP', 'NR', 'NZ', 'OM', 'PA', 'PE', 'PG', 'PH', 'PK', 'PL', 'PS', 'PT', 'PW', 'PY', 'QA', 'RO', 'RS', 'RW', 'SA', 'SB', 'SC', 'SE', 'SG', 'SI', 'SK', 'SL', 'SM', 'SN', 'SR', 'ST', 'SV', 'SZ', 'TD', 'TG', 'TH', 'TJ', 'TL', 'TN', 'TO', 'TR', 'TT', 'TV', 'TW', 'TZ', 'UA', 'UG', 'US', 'UY', 'UZ', 'VC', 'VE', 'VN', 'VU', 'WS', 'XK', 'ZA', 'ZM', 'ZW']",1,166514,False,True,QZJ842002297,https://open.spotify.com/track/6ja11GoXgF75QkEVqqAadn,https://api.spotify.com/v1/tracks/6ja11GoXgF75QkEVqqAadn,6ja11GoXgF75QkEVqqAadn,False,Ain’t Safe (feat. Don Toliver),74,,True,1,track,spotify:track:6ja11GoXgF75QkEVqqAadn,
10,2022-12-06T20:38:38Z,False,,https://open.spotify.com/user/james_yang_,https://api.spotify.com/v1/users/james_yang_,james_yang_,user,spotify:user:james_yang_,album,"[{'external_urls': {'spotify': 'https://open.spotify.com/artist/0iEtIxbK0KxaSlF7G42ZOp'}, 'href': 'https://api.spotify.com/v1/artists/0iEtIxbK0KxaSlF7G42ZOp', 'id': '0iEtIxbK0KxaSlF7G42ZOp', 'name': 'Metro Boomin', 'type': 'artist', 'uri': 'spotify:artist:0iEtIxbK0KxaSlF7G42ZOp'}]","['AD', 'AE', 'AG', 'AL', 'AM', 'AO', 'AR', 'AT', 'AU', 'AZ', 'BA', 'BB', 'BD', 'BE', 'BF', 'BG', 'BH', 'BI', 'BJ', 'BN', 'BO', 'BR', 'BS', 'BT', 'BW', 'BZ', 'CA', 'CD', 'CG', 'CH', 'CI', 'CL', 'CM', 'CO', 'CR', 'CV', 'CW', 'CY', 'CZ', 'DE', 'DJ', 'DK', 'DM', 'DO', 'DZ', 'EC', 'EE', 'EG', 'ES', 'ET', 'FI', 'FJ', 'FM', 'FR', 'GA', 'GB', 'GD', 'GE', 'GH', 'GM', 'GN', 'GQ', 'GR', 'GT', 'GW', 'GY', 'HK', 'HN', 'HR', 'HT', 'HU', 'ID', 'IE', 'IL', 'IN', 'IQ', 'IS', 'IT', 'JM', 'JO', 'JP', 'KE', 'KG', 'KH', 'KI', 'KM', 'KN', 'KR', 'KW', 'KZ', 'LA', 'LB', 'LC', 'LI', 'LK', 'LR', 'LS', 'LT', 'LU', 'LV', 'LY', 'MA', 'MC', 'MD', 'ME', 'MG', 'MH', 'MK', 'ML', 'MN', 'MO', 'MR', 'MT', 'MU', 'MV', 'MW', 'MX', 'MY', 'MZ', 'NA', 'NE', 'NG', 'NI', 'NL', 'NO', 'NP', 'NR', 'NZ', 'OM', 'PA', 'PE', 'PG', 'PH', 'PK', 'PL', 'PS', 'PT', 'PW', 'PY', 'QA', 'RO', 'RS', 'RW', 'SA', 'SB', 'SC', 'SE', 'SG', 'SI', 'SK', 'SL', 'SM', 'SN', 'SR', 'ST', 'SV', 'SZ', 'TD', 'TG', 'TH', 'TJ', 'TL', 'TN', 'TO', 'TR', 'TT', 'TV', 'TW', 'TZ', 'UA', 'UG', 'US', 'UY', 'UZ', 'VC', 'VE', 'VN', 'VU', 'WS', 'XK', 'ZA', 'ZM', 'ZW']",https://open.spotify.com/album/4o9NExZng35wpV7pLKvuW0,https://api.spotify.com/v1/albums/4o9NExZng35wpV7pLKvuW0,4o9NExZng35wpV7pLKvuW0,"[{'height': 640, 'url': 'https://i.scdn.co/image/ab67616d0000b2730bfc2804261ecc4aa92871c1', 'width': 640}, {'height': 300, 'url': 'https://i.scdn.co/image/ab67616d00001e020bfc2804261ecc4aa92871c1', 'width': 300}, {'height': 64, 'url': 'https://i.scdn.co/image/ab67616d000048510bfc2804261ecc4aa92871c1', 'width': 64}]",HEROES & VILLAINS (Heroes Version),2022-12-05,day,30,album,spotify:album:4o9NExZng35wpV7pLKvuW0,"[{'external_urls': {'spotify': 'https://open.spotify.com/artist/0iEtIxbK0KxaSlF7G42ZOp'}, 'href': 'https://api.spotify.com/v1/artists/0iEtIxbK0KxaSlF7G42ZOp', 'id': '0iEtIxbK0KxaSlF7G42ZOp', 'name': 'Metro Boomin', 'type': 'artist', 'uri': 'spotify:artist:0iEtIxbK0KxaSlF7G42ZOp'}, {'external_urls': {'spotify': 'https://open.spotify.com/artist/1RyvyyTE3xzB2ZywiAwp0i'}, 'href': 'https://api.spotify.com/v1/artists/1RyvyyTE3xzB2ZywiAwp0i', 'id': '1RyvyyTE3xzB2ZywiAwp0i', 'name': 'Future', 'type': 'artist', 'uri': 'spotify:artist:1RyvyyTE3xzB2ZywiAwp0i'}, {'external_urls': {'spotify': 'https://open.spotify.com/artist/4Gso3d4CscCijv0lmajZWs'}, 'href': 'https://api.spotify.com/v1/artists/4Gso3d4CscCijv0lmajZWs', 'id': '4Gso3d4CscCijv0lmajZWs', 'name': 'Don Toliver', 'type': 'artist', 'uri': 'spotify:artist:4Gso3d4CscCijv0lmajZWs'}]","['AD', 'AE', 'AG', 'AL', 'AM', 'AO', 'AR', 'AT', 'AU', 'AZ', 'BA', 'BB', 'BD', 'BE', 'BF', 'BG', 'BH', 'BI', 'BJ', 'BN', 'BO', 'BR', 'BS', 'BT', 'BW', 'BZ', 'CA', 'CD', 'CG', 'CH', 'CI', 'CL', 'CM', 'CO', 'CR', 'CV', 'CW', 'CY', 'CZ', 'DE', 'DJ', 'DK', 'DM', 'DO', 'DZ', 'EC', 'EE', 'EG', 'ES', 'ET', 'FI', 'FJ', 'FM', 'FR', 'GA', 'GB', 'GD', 'GE', 'GH', 'GM', 'GN', 'GQ', 'GR', 'GT', 'GW', 'GY', 'HK', 'HN', 'HR', 'HT', 'HU', 'ID', 'IE', 'IL', 'IN', 'IQ', 'IS', 'IT', 'JM', 'JO', 'JP', 'KE', 'KG', 'KH', 'KI', 'KM', 'KN', 'KR', 'KW', 'KZ', 'LA', 'LB', 'LC', 'LI', 'LK', 'LR', 'LS', 'LT', 'LU', 'LV', 'LY', 'MA', 'MC', 'MD', 'ME', 'MG', 'MH', 'MK', 'ML', 'MN', 'MO', 'MR', 'MT', 'MU', 'MV', 'MW', 'MX', 'MY', 'MZ', 'NA', 'NE', 'NG', 'NI', 'NL', 'NO', 'NP', 'NR', 'NZ', 'OM', 'PA', 'PE', 'PG', 'PH', 'PK', 'PL', 'PS', 'PT', 'PW', 'PY', 'QA', 'RO', 'RS', 'RW', 'SA', 'SB', 'SC', 'SE', 'SG', 'SI', 'SK', 'SL', 'SM', 'SN', 'SR', 'ST', 'SV', 'SZ', 'TD', 'TG', 'TH', 'TJ', 'TL', 'TN', 'TO', 'TR', 'TT', 'TV', 'TW', 'TZ', 'UA', 'UG', 'US', 'UY', 'UZ', 'VC', 'VE', 'VN', 'VU', 'WS', 'XK', 'ZA', 'ZM', 'ZW']",1,199920,False,True,USUG12208784,https://open.spotify.com/track/36acAPpnxmi4GoeJe1uKdv,https://api.spotify.com/v1/tracks/36acAPpnxmi4GoeJe1uKdv,36acAPpnxmi4GoeJe1uKdv,False,Too Many Nights (feat. Don Toliver & with Future),71,,True,3,track,spotify:track:36acAPpnxmi4GoeJe1uKdv,
