trackName,msPlayed,duration_ms,hoursPlayed,Percentage_Listened
#1 Freak (feat. Ty Dolla $ign),1255018,1659312,0.35,0.76
$ave Dat Money (feat. Fetty Wap & Rich Homie Quan),159753,290836,0.04,0.55
1 0 0 . m i l ‘ (with Bas),26480,163302,0.01,0.16
1-800-273-8255,176348,500346,0.05,0.35
10 F*CKS (with Mansa),1014535,1188341,0.28,0.85
10 Freaky Girls (with 21 Savage),925846,1041465,0.26,0.89
10 TIMES,158493,158493,0.04,1.0
100 Racks (Offset feat. Playboi Carti),157645,157645,0.04,1.0
100 Years,31207,244600,0.01,0.13
151 Rum,562417,940170,0.16,0.6
16,14313219,18256680,3.98,0.78
19,975195,1219070,0.27,0.8
1942 (feat. Yo Gotti & YBN Nahmir),727406,852320,0.2,0.85
1985,66795,193000,0.02,0.35
1995,159056,159057,0.04,1.0
1999 WILDFIRE,1005000,1005000,0.28,1.0
2 On (feat. ScHoolboy Q),14817,227000,0.0,0.07
20 Min,225299,441174,0.06,0.51
2006,8777,224689,0.0,0.04
21,2260063,3246207,0.63,0.7
21 Questions,1092844,1346562,0.3,0.81
23,179258,181613,0.05,0.99
24 Hours (feat. 2 Chainz),2530,215720,0.0,0.01
24K Magic,678775,903932,0.19,0.75
25k jacket (feat. Lil Baby),1784235,2160000,0.5,0.83
2AM.,462955,712959,0.13,0.65
3 Nights,177666,177667,0.05,1.0
3 Rounds and a Sound,431104,800880,0.12,0.54
3 Vets,354632,526140,0.1,0.67
"30,000 ft",454204,473622,0.13,0.96
3AM,3952689,6016440,1.1,0.66
4 Da Gang (with Roddy Ricch),197798,311440,0.05,0.64
4 Willem,1411335,2376297,0.39,0.59
5 shots,181709,181710,0.05,1.0
5:32pm,224865,273828,0.06,0.82
6 Foot 7 Foot,3456245,7457610,0.96,0.46
679,456774,466128,0.13,0.98
679 (feat. Remy Boyz),196693,393386,0.05,0.5
745,305778,682680,0.08,0.45
92 Explorer,3581801,5074248,0.99,0.71
A Fleeting Dream,847318,1587438,0.24,0.53
A Milli,221813,221840,0.06,1.0
A Sky Full of Stars,267866,267867,0.07,1.0
A Thousand Miles,237493,237493,0.07,1.0
A Thousand Times,21449,237244,0.01,0.09
A Thousand Years,145844,275973,0.04,0.53
A-Team,176640,176640,0.05,1.0
ABC,189409,532281,0.05,0.36
ASAP,1062259,1706478,0.3,0.62
ASTROTHUNDER,1926178,2001566,0.54,0.96
About You,14511698,21068300,4.03,0.69
About the Money (feat. Young Thug),1272127,1890840,0.35,0.67
Actin' Up (feat. Dom Kennedy),253073,718761,0.07,0.35
Actions,176466,176467,0.05,1.0
Addison Rae,521441,1145018,0.14,0.46
Adrenaline,206368,206368,0.06,1.0
Affection,234990,234990,0.07,1.0
Africa,541389,591786,0.15,0.91
After Party,82853,335832,0.02,0.25
Again,565686,1561200,0.16,0.36
Agape,2223683,3339307,0.62,0.67
Ain't It Fun,296520,296520,0.08,1.0
Ain't My Fault - R3hab Remix,158772,158773,0.04,1.0
Ain't No Thang,463402,463404,0.13,1.0
Ain’t Safe (feat. Don Toliver),1135807,1998180,0.32,0.57
Alive (with Offset & 2 Chainz),3775405,6605116,1.05,0.57
All Eyes on You (feat. Chris Brown & Nicki Minaj),75745,223973,0.02,0.34
All Falls Down,2741557,3352605,0.76,0.82
All Good Things (Come To An End),716326,1555935,0.2,0.46
All In,7503123,8425728,2.08,0.89
All In My Head (Flex) (feat. Fetty Wap),210573,210573,0.06,1.0
All My Friends (feat. Tinashe & Chance the Rapper),1538454,2067723,0.43,0.74
All Night,405305,725679,0.11,0.56
All Night (feat. Knox Fortune),141542,141542,0.04,1.0
All The Way Up (Remix),253760,284831,0.07,0.89
All The Way Up (feat. Infared),742782,959710,0.21,0.77
All We Got (feat. Kanye West & Chicago Children's Choir),569804,611382,0.16,0.93
All Your Fault,34319,224387,0.01,0.15
All of My Years,459000,459000,0.13,1.0
All the Above (feat. T-Pain),22620,319940,0.01,0.07
All the Smoke (feat. Gunna & Wiz Khalifa),51044,211237,0.01,0.24
Already Won (feat. Lil Durk),1257194,1272384,0.35,0.99
Always,544224,579309,0.15,0.94
Always Been You,284857,707160,0.08,0.4
Always On Time,490506,490266,0.14,1.0
Amazing,690702,714999,0.19,0.97
Ambition (feat. Meek Mill & Rick Ross),605092,605094,0.17,1.0
Amen (feat. Drake),561973,579414,0.16,0.97
American Boy,261061,284733,0.07,0.92
Amphetamine,341,469831,0.0,0.0
And You Know That,696353,1077670,0.19,0.65
Angels Never Cry (feat. MoneyBagg Yo & Kodak Black),260295,506244,0.07,0.51
Anime World,48969,194361,0.01,0.25
Another Day in Paradise,765000,765000,0.21,1.0
Another Night,1146876,2109300,0.32,0.54
Anti,412857,676068,0.11,0.61
Anti-Hero (feat. Lil Tecca),2672681,4433411,0.74,0.6
Anybody (feat. Nicki Minaj),157988,254947,0.04,0.62
"Anything U Want (feat. Wiz Khalifa, Jeremih & Ty Dolla $ign)",214253,214254,0.06,1.0
Anything You Want,266553,494228,0.07,0.54
Apologize,208732,416214,0.06,0.5
Appreciation,207902,407306,0.06,0.51
As Long As You Love Me,61532,229467,0.02,0.27
Ass Like That,771883,1858360,0.21,0.42
Aston Martin Truck,5449020,7029360,1.51,0.78
Attachments (feat. Coi Leray),3047084,3420000,0.85,0.89
Aura (feat. Kojey Radical),11228497,19491168,3.12,0.58
Awesome (feat. Pusha-T),167857,229787,0.05,0.73
Ay Ay Ay (feat. 3 Glizzy),155282,155282,0.04,1.0
Ayo,181388,450454,0.05,0.4
Ayy Ladies (feat. Tyga),211293,211293,0.06,1.0
Açaí Bowl,177400,177400,0.05,1.0
B.I.D,1000991,1148931,0.28,0.87
B.Q.E,263012,527420,0.07,0.5
B.R.O. (Better Ride Out) [feat. Roddy Ricch],1888242,2848656,0.52,0.66
BEAUTIFUL (feat. Future & SZA),405227,446466,0.11,0.91
BELIEVE IT,1693237,2381847,0.47,0.71
BEST ON EARTH (feat. BIA) - Bonus,1673772,2571520,0.46,0.65
"BIG BANK (feat. 2 Chainz, Big Sean, Nicki Minaj)",241922,474480,0.07,0.51
BILLI (feat. Future),378725,819015,0.11,0.46
BILLY,190956,450668,0.05,0.42
BLEACH,273151,273151,0.08,1.0
BLIND (feat. Young Thug),223828,460401,0.06,0.49
BOOGIE,487216,965775,0.14,0.5
BOP,602357,798575,0.17,0.75
Babushka Boi,31927,187105,0.01,0.17
Baby,1243770,2356640,0.35,0.53
Baby Pluto,783549,1051305,0.22,0.75
Bacc Home,426205,914415,0.12,0.47
Bacc Seat (feat. Ty Dolla $ign),179634,344640,0.05,0.52
Backflip (feat. YG & Iamsu!),1094020,1553040,0.3,0.7
Backseat (feat. PnB Rock),1760312,2048040,0.49,0.86
Bad Bad Bad (feat. Lil Baby),371917,447120,0.1,0.83
Bad Bad News,3903255,6219210,1.08,0.63
Bad Day,86665,934560,0.02,0.09
Bad Idea (feat. Chance the Rapper),1129786,1408380,0.31,0.8
Bad Romance,9450,294453,0.0,0.03
Bad and Boujee (feat. Lil Uzi Vert),343150,343150,0.1,1.0
"Baguettes in the Face (feat. NAV, Playboi Carti & A Boogie Wit da Hoodie)",499895,522300,0.14,0.96
Balance,3140474,3527128,0.87,0.89
Ballin',112338,114840,0.03,0.98
Ballin' (with Roddy Ricch),9432014,13893495,2.62,0.68
Banana Clip,84766,201627,0.02,0.42
Banana Pancakes,383812,383814,0.11,1.0
Banana Split (with YNW Melly feat. Lil Durk),2142408,4245318,0.6,0.5
Bandit (with YoungBoy Never Broke Again),52128,189323,0.01,0.28
Bang Bang,1240072,2342997,0.34,0.53
Bank Account,220306,220307,0.06,1.0
Banking On Me,3626308,6000000,1.01,0.6
Bartender (feat. Akon),478906,477600,0.13,1.0
Be Alone,2687748,3544415,0.75,0.76
Be Forreal,3483561,3737008,0.97,0.93
Be Like That - feat. Swae Lee & Khalid,358015,382812,0.1,0.94
Be Real (feat. DeJ Loaf),82383,413520,0.02,0.2
Beat It,516800,516800,0.14,1.0
Beat It (feat. Chris Brown & Wiz Khalifa),236030,253453,0.07,0.93
Beautiful,603,312987,0.0,0.0
Beautiful Escape,3566650,6366055,0.99,0.56
Beautiful Now,289926,436586,0.08,0.66
Beautiful Pain (Losin My Mind),171441,171442,0.05,1.0
Beauty In The Madness,3213733,4473360,0.89,0.72
Because Of You,255654,533680,0.07,0.48
Because of You,3599,219493,0.0,0.02
BedRock,690285,1152532,0.19,0.6
Beef (feat. Meek Mill),3245342,3718736,0.9,0.87
Been Around,407404,407406,0.11,1.0
Before He Cheats,138880,399894,0.04,0.35
Beggar's Lullaby,119623,119623,0.03,1.0
Being in Love with U,49548,49548,0.01,1.0
Best I Ever Had,544655,776280,0.15,0.7
Best Life (feat. Chance The Rapper),221820,284856,0.06,0.78
Best Part (feat. H.E.R.),1808642,2098310,0.5,0.86
Best You Had,280126,280128,0.08,1.0
Better,1296205,2666741,0.36,0.49
Better Dayz,301469,301469,0.08,1.0
Better On Me (feat. Ty Dolla $ign),232102,455894,0.06,0.51
Better Together,571434,623040,0.16,0.92
Beware,235186,235187,0.07,1.0
Bezerk (feat. A$AP Ferg),56315,151067,0.02,0.37
Big Boy Diamonds (feat. Kodak Black & London on Da Track),151481,151482,0.04,1.0
Big Fish,12847224,18822635,3.57,0.68
Big Green Tractor,220880,408400,0.06,0.54
Big Homie From The Hood,178886,178887,0.05,1.0
Big Homie From the Hood,506964,536661,0.14,0.94
Big Tymin,1142239,1288542,0.32,0.89
Bigger Than You (feat. Drake & Quavo),2554639,4066074,0.71,0.63
Billionaire (feat. Bruno Mars),101337,211160,0.03,0.48
Birthday,430084,430084,0.12,1.0
Bitch Betta Have My Money,102253,192183,0.03,0.53
Bitches (feat. 1takejay),457168,522000,0.13,0.88
Bitchuary,438545,671065,0.12,0.65
Black Beatles,22639,291893,0.01,0.08
Black Hole Sun,3832538,4772822,1.06,0.8
Blackbird,580059,845748,0.16,0.69
Bladadah,913314,1094405,0.25,0.83
Blame,127028,127029,0.04,1.0
Blame (feat. John Newman) - R3HAB Trap Remix,17541,212093,0.0,0.08
Blame It,168297,579494,0.05,0.29
Blastoff (feat. Juice Wrld & Trippie Redd),283306,349460,0.08,0.81
Bleed It,145546,145520,0.04,1.0
Bleeding Love,262466,262467,0.07,1.0
Blessing,2850101,3325662,0.79,0.86
Blessings,3908035,7548387,1.09,0.52
Bloom - Bonus Track,451394,630240,0.13,0.72
Blow the Whistle,978798,978798,0.27,1.0
Blueberry Faygo,71333,487641,0.02,0.15
Body,171845,412120,0.05,0.42
Body Language (feat. Usher & Tinashe),392459,618840,0.11,0.63
Body Like A Back Road,296509,330774,0.08,0.9
Body Party,248052,702120,0.07,0.35
Bompton to Oak Park,1978631,2138422,0.55,0.93
Born This Way,259106,260253,0.07,1.0
Both (feat. Drake),306021,380624,0.09,0.8
Bottle Girls (feat. Polo G & Almighty Jay),1238100,1490852,0.34,0.83
Bottom of the Bottle (feat. August Alsina & Lil Wayne),4270,238339,0.0,0.02
Bottoms Up (feat. Nicki Minaj),216990,242013,0.06,0.9
Bounce,2092478,3454200,0.58,0.61
Boyfriend #2,207400,207400,0.06,1.0
Break My Stride,510383,553440,0.14,0.92
Break Your Heart,184877,186267,0.05,0.99
Break of Dawn,4816973,5968080,1.34,0.81
Breakeven,715261,1045708,0.2,0.68
Broken,113057,200673,0.03,0.56
Broken (feat. Jessie Reyez),812880,812880,0.23,1.0
Brooklyn '95,217500,217500,0.06,1.0
Brown Boy,83470,134622,0.02,0.62
Bucket List (feat. Matthew Santos),18100,214955,0.01,0.08
Buffalo Soldier,23380,255840,0.01,0.09
Buried Alive,4580,337747,0.0,0.01
Burn Rubber,428205,598599,0.12,0.72
Bussdown,4190,194011,0.0,0.02
But Cha (feat. Josh Golden),701800,701805,0.19,1.0
Buttercup,226610,226610,0.06,1.0
Butterflies,4737269,5117949,1.32,0.93
Buy U a Drank (Shawty Snappin') (feat. Yung Joc),686773,683880,0.19,1.0
By My Side,429374,429376,0.12,1.0
"By Yourself (feat. Bryson Tiller, Jhené Aiko & Mustard) - Remix",2683891,3324996,0.75,0.81
"CAN'T STOP THE FEELING! (from DreamWorks Animation's ""TROLLS"")",475091,475094,0.13,1.0
CAPO,2420178,3267400,0.67,0.74
CLOUT COBAIN | CLOUT CO13A1N,2056789,2775996,0.57,0.74
COUNT ON ME,206556,310400,0.06,0.67
CUFF IT,2680237,3606224,0.74,0.74
Calabasas,1222796,1760000,0.34,0.69
California Gurls,469306,469306,0.13,1.0
Call Me Maybe,338799,580200,0.09,0.58
Callaita,501066,501068,0.14,1.0
Calling My Phone,432328,616374,0.12,0.7
Came To Do (feat. Akon),28136,228360,0.01,0.12
Campaign (feat. Future),237654,237655,0.07,1.0
Can't Believe It (feat. Lil' Wayne),540968,549014,0.15,0.99
Can't Get Enough,677880,677880,0.19,1.0
Can't Let You Go (feat. Mike Shorey & Lil' Mo),1335045,1567811,0.37,0.85
Candle,643560,643560,0.18,1.0
Candy (feat. Trippie Redd),190859,313438,0.05,0.61
Candy Paint,3497556,5460792,0.97,0.64
Candy Shop,209106,209107,0.06,1.0
Capsize,202865,237707,0.06,0.85
Cardigan,436696,476127,0.12,0.92
Carnival,4773144,5451226,1.33,0.88
Caroline,629755,838560,0.17,0.75
Carry Out (Featuring Justin Timberlake),1162330,1162335,0.32,1.0
Carry on Wayward Son,419887,646000,0.12,0.65
Cash In Cash Out,3328344,3890448,0.92,0.86
Cash Money,414635,420230,0.12,0.99
Casper,929671,1182474,0.26,0.79
Cassandra,550173,699892,0.15,0.79
Cat Daddy,53956,401606,0.01,0.13
Caught Me a Rhythm,595101,595101,0.17,1.0
Caught Up,214368,214368,0.06,1.0
Celebration,298866,181040,0.08,1.65
Cha Cha Slide - Original Live Platinum Band Mix,340102,774986,0.09,0.44
Champions,3717977,4345289,1.03,0.86
Chanel,437402,1051425,0.12,0.42
Chanel (Go Get It) [feat. Gunna & Lil Baby],848158,1210242,0.24,0.7
Change Lanes,205861,205861,0.06,1.0
Changed,175346,175346,0.05,1.0
Charlie,522432,649040,0.15,0.8
"Charlie 2 (feat. DaBoii, Nef The Pharaoh & Mike Sherm)",184615,184615,0.05,1.0
Charlie Brown,58832,220693,0.02,0.27
Chasing Cars,143894,267933,0.04,0.54
Check,488540,922772,0.14,0.53
"Cheesin’ (with Cautious Clay, Remi Wolf, Still Woozy, Sophie Meiers, Claud, Melanie Faye, & HXNS)",3516915,4416000,0.98,0.8
Chemicals,1460466,2198977,0.41,0.66
Chemistry,666665,666665,0.19,1.0
Chicken Adobo,5452080,6947654,1.51,0.78
Chicken Tenders,170405,170405,0.05,1.0
Chill Bill (feat. J. Davi$ & Spooks),354368,354368,0.1,1.0
Choppa DaVinci,184293,522084,0.05,0.35
Chosen (feat. Ty Dolla $ign),17153915,25707756,4.76,0.67
Christopher Walking,505066,953400,0.14,0.53
Chronicles (feat. H.E.R. & Lil Durk),16069600,20359392,4.46,0.79
Chucky Cheese,209132,330586,0.06,0.63
Church - Hex Cougar Remix,204435,209675,0.06,0.98
Cigarette Daydreams,86404,208760,0.02,0.41
Classic,373328,526281,0.1,0.71
Classic Man (feat. Roman GianArthur),109388,678000,0.03,0.16
Classic and Perfect,2940911,4020807,0.82,0.73
Cleaner Air,128129,128129,0.04,1.0
Climax,10263,232907,0.0,0.04
Clocks,307879,307880,0.09,1.0
Closer,2421177,3919360,0.67,0.62
Cloud 9,235814,258143,0.07,0.91
Clout (feat. 21 Savage),45418,200373,0.01,0.23
Clout (feat. Cardi B),41610,205803,0.01,0.2
Club Can't Handle Me (feat. David Guetta),234560,234560,0.07,1.0
CoCo,291492,479148,0.08,0.61
Coaster,582820,796480,0.16,0.73
Codeine Crazy,2972541,3815977,0.83,0.78
Codeine Dreaming (feat. Lil Wayne),9200,264532,0.0,0.03
Coffee,8710,180053,0.0,0.05
Coffee (feat. Marc E. Bassy),1260371,1260371,0.35,1.0
Colbert,6213264,8335041,1.73,0.75
Cold,1199702,1831842,0.33,0.65
Cold (feat. Tory Lanez),219463,219465,0.06,1.0
Collard Greens,116308,299960,0.03,0.39
Colored Dreams / Killers Pt. 2,428642,1059340,0.12,0.4
Colorful Shit,1420529,1950520,0.39,0.73
Colours of Freedom,896000,896000,0.25,1.0
Come Back To Me (Remix),284551,938815,0.08,0.3
Come Through and Chill (feat. J. Cole & Salaam Remi),322000,322000,0.09,1.0
Come With Me,8803918,10906064,2.45,0.81
Comfortable,4561258,6558763,1.27,0.7
Coming Home,205595,477386,0.06,0.43
Common (with Big Sean),4075871,5098304,1.13,0.8
Compensating (feat. Young Thug),791419,791424,0.22,1.0
Confessions Part II,41819,211200,0.01,0.2
Contact,141875,141875,0.04,1.0
Controlla,245226,245227,0.07,1.0
Cooks,25597,348210,0.01,0.07
Cooler Than Me - Single Mix,304849,426586,0.08,0.71
Cooped Up (with Roddy Ricch),21181765,28250264,5.88,0.75
"Costa Rica (with Bas & JID feat. Guapdad 4000, Reese LAFLARE, Jace, Mez, Smokepurpp, Buddy & Ski Mask The Slump God)",217866,217867,0.06,1.0
Cotton Candy,10211599,11924768,2.84,0.86
Counting Stars,416576,515680,0.12,0.81
Country Girl (Shake It For Me),587662,676680,0.16,0.87
Cowboys Don’t Cry,2108107,2849535,0.59,0.74
Crank That (Soulja Boy),221933,221933,0.06,1.0
Cravin (feat. G-Eazy),75534,178907,0.02,0.42
Crazy Dream,212044,212044,0.06,1.0
Crazy In Love (feat. Jay-Z),437451,472266,0.12,0.93
Crew (feat. Brent Faiyaz & Shy Glizzy),176702,176702,0.05,1.0
Crooked Smile (feat. TLC),1114292,1114292,0.31,1.0
Crossroads,308000,308000,0.09,1.0
Cupid Shuffle,581727,925440,0.16,0.63
Cut It (feat. Young Dolph),717755,890400,0.2,0.81
Cyclone (feat. T-Pain) - Main,223306,444106,0.06,0.5
DAMN HOMIE (feat. Lil Yachty),2031571,3367392,0.56,0.6
DHL,268893,268893,0.07,1.0
DOLLAZ ON MY HEAD (feat. Young Thug),3713419,4944000,1.03,0.75
Daddy (feat. Rich The Kid),180962,453441,0.05,0.4
Daddy's Birthday,2422729,2924880,0.67,0.83
Damage,505799,640044,0.14,0.79
Dancer,37591,182131,0.01,0.21
Dancing,2124967,2702920,0.59,0.79
Dangerous,332398,738159,0.09,0.45
Danza Kuduro,399615,596319,0.11,0.67
Dapper (feat. Anderson .Paak),387416,579279,0.11,0.67
Dark Queen,183339,346838,0.05,0.53
Darlin',1436293,2067840,0.4,0.69
Daughters,6228122,7137210,1.73,0.87
Dead And Gone,54406,899241,0.02,0.06
Dead Wrong (feat. Ty Dolla $ign),682440,682440,0.19,1.0
Dear Fear,1378414,2790746,0.38,0.49
Deep,331259,434346,0.09,0.76
Deep End (feat. Lil Skies),745851,1052304,0.21,0.71
Deep Reverence (feat. Nipsey Hussle),174737,230906,0.05,0.76
Deep Wounds,180293,180293,0.05,1.0
Deference for Darkness,1114387,1992600,0.31,0.56
Designer Boi,6063995,7988438,1.68,0.76
Detroit Become Human - Opening Theme,151480,151480,0.04,1.0
Devil Eyes,325376,525088,0.09,0.62
Diamonds (feat. A$AP Rocky),36548,180474,0.01,0.2
Die Hard,7784575,10039134,2.16,0.78
Die Under The Moon,218731,218731,0.06,1.0
Die Young,1315512,1261256,0.37,1.04
Differences,141641,265533,0.04,0.53
Digits,176386,176387,0.05,1.0
Dilemma,289160,289160,0.08,1.0
Dior (with Gunna) - Remix,1421577,2534257,0.39,0.56
Dip (feat. Nicki Minaj) (feat. Nicki Minaj),267619,587976,0.07,0.46
Dip Dip,604195,758075,0.17,0.8
Dirt Road Anthem,256138,688200,0.07,0.37
Disco Inferno,393024,856908,0.11,0.46
Disco Yes,2331459,3370536,0.65,0.69
Distance (feat. Issa Gold & Erick The Architect),13998,133053,0.0,0.11
Distraction,1223910,1884509,0.34,0.65
Disturbia,238408,238627,0.07,1.0
Diva (feat. Lil Tecca),172004,172005,0.05,1.0
Do It Again,173493,173494,0.05,1.0
Do It Big,158499,203719,0.04,0.78
Do Not Disturb ft. NAV and Yung Bleu,5868713,7039564,1.63,0.83
Do The John Wall,200344,263880,0.06,0.76
Do The Most,144098,144098,0.04,1.0
Do What I Want,25263,240944,0.01,0.1
"Do What I Want (feat. IAMSU!, K CAMP & RJ)",99060,240944,0.03,0.41
Do You Remember,1320379,1892763,0.37,0.7
Do You There (feat. Marc E. Bassy),31810,287667,0.01,0.11
Dolly (with Lil Uzi Vert),719252,719252,0.2,1.0
Dolo (feat. R. Kelly),522446,611961,0.15,0.85
Domino,1104161,1158465,0.31,0.95
Don't,277971,793172,0.08,0.35
Don't Even Trip (feat. Moneybagg Yo),172848,256000,0.05,0.68
Don't Fade - Single Version,1873452,2663542,0.52,0.7
Don't Forget,911575,1149687,0.25,0.79
"Don't Get Much Better (with Jeremih, Ty Dolla $ign & Sage The Gemini)",267863,531626,0.07,0.5
Don't Hurt Me,16161,192995,0.0,0.08
Don't Leave Me Lonely(feat. Elley Duhé) [Acoustic],275258,406479,0.08,0.68
Don't Let Me Down (feat. Daya) - Illenium Remix,59404,218933,0.02,0.27
Don't Matter,1896233,3223583,0.53,0.59
Don't Mind,570565,594711,0.16,0.96
Don't Play With Me,210429,210429,0.06,1.0
Don't Stop 'Til You Get Enough,1374629,1827335,0.38,0.75
Don't Tell 'Em,534446,800520,0.15,0.67
Don't You (Forget About Me),41600,263040,0.01,0.16
Don't You Worry Child - Radio Edit,212862,212862,0.06,1.0
Don't make me beg (With Lil Baby),2257301,3109395,0.63,0.73
Dope,168611,669279,0.05,0.25
Dope Game,550,219429,0.0,0.0
Down,212506,212520,0.06,1.0
Down Below,63833,224002,0.02,0.28
Down For Me (feat. 24hrs),246804,407226,0.07,0.61
Down On Me,250234,456906,0.07,0.55
Down by the Water,1176732,2674395,0.33,0.44
Drank in My Cup,428007,464320,0.12,0.92
Drankin N Smokin,9601253,13878800,2.67,0.69
Dreaming with a Broken Heart,58740,245747,0.02,0.24
Dreams - 2004 Remaster,710514,1031200,0.2,0.69
Dreams and Nightmares,5898327,9458413,1.64,0.62
"Dreams, Fairytales, Fantasies (feat. Brent Faiyaz & Salaam Remi)",4292,222987,0.0,0.02
Drift,2091434,2474648,0.58,0.85
Drip Day N Night (feat. Gunna & Lil Keed),42809,195887,0.01,0.22
Drip From My Walk,60975,131063,0.02,0.47
Drip Too Hard (Lil Baby & Gunna),1713879,2183145,0.48,0.79
Drive By,277318,587919,0.08,0.47
Drops of Jupiter (Tell Me),799871,1039732,0.22,0.77
Droptop in the Rain (feat. Tory Lanez),13676,180867,0.0,0.08
Drunk Texting (feat. Jhené Aiko),383206,454800,0.11,0.84
Dynamite,399023,611601,0.11,0.65
E.T.,208091,412746,0.06,0.5
EX - Remix,392266,392266,0.11,1.0
Easily,215813,420480,0.06,0.51
Easy,1520632,2514864,0.42,0.6
Either Way (feat. Joey Bada$$),187588,187589,0.05,1.0
Element,8820658,13303206,2.45,0.66
Emotionally Scarred,19145184,25678900,5.32,0.75
Empty,166523,248431,0.05,0.67
Energy,315630,363866,0.09,0.87
Enjoy Yourself (feat. Karol G),2379844,3364946,0.66,0.71
Entanglements,741805,1319304,0.21,0.56
Erase Your Social,19690,199993,0.01,0.1
Every Good Girl,8167640,10257358,2.27,0.8
Every Hour,224478,224478,0.06,1.0
Everybody Dies In Their Nightmares,205715,286401,0.06,0.72
"Everyday (feat. Rod Stewart, Miguel & Mark Ronson)",45998,260987,0.01,0.18
Everyday We Lit (feat. PnB Rock),1159278,1577368,0.32,0.73
Everything Is Alright,207633,207634,0.06,1.0
Everywhere,138023,180060,0.04,0.77
Ex (feat. YG),788472,978798,0.22,0.81
Exchange,471292,583839,0.13,0.81
Excuse Me (feat. Too $hort),2330810,3098895,0.65,0.75
Eye of the Tiger,300454,731319,0.08,0.41
F With U (feat. Ty Dolla $ign),188021,538599,0.05,0.35
F-Stop Blues,593457,780568,0.16,0.76
FAR AWAY II (feat. A Boogie Wit da Hoodie & JID),59117,215213,0.02,0.27
FIND MY WAY,279780,279780,0.08,1.0
FINDERS KEEPERS (FEAT. SCOREY & INTERNET MONEY),1568712,1661738,0.44,0.94
FLIP THE SWITCH (feat. Drake),250055,468585,0.07,0.53
FLOWER ROAD,69747,228632,0.02,0.31
FOOL,866776,1019574,0.24,0.85
Face,200583,200584,0.06,1.0
Face It,6369684,11888967,1.77,0.54
Faces,266330,266330,0.07,1.0
Faded,449170,732450,0.12,0.61
Fair Trade (with Travis Scott),279245,873525,0.08,0.32
Fake Love In LA,1750352,2613308,0.49,0.67
Fall Threw (feat. Young Thug & Gunna),379660,379662,0.11,1.0
Falling,3837266,5490193,1.07,0.7
Family and Loyalty,549332,549334,0.15,1.0
Famous,470218,602961,0.13,0.78
Famous (feat. Reginae Carter),6991,242050,0.0,0.03
Far Away,213532,105206,0.06,2.03
Far Gone (feat. Johnny Yukon),240102,240103,0.07,1.0
Fashion Killa,5664395,6615840,1.57,0.86
Fast,208517,208518,0.06,1.0
Fast Car,2615381,4452000,0.73,0.59
Fast Lane,1426105,1996480,0.4,0.71
Father Stretch My Hands Pt. 1,775108,951440,0.22,0.81
Faucet Failure,582504,582508,0.16,1.0
Favorite Song,94737,185062,0.03,0.51
Favorite Thing,53732,173165,0.01,0.31
Fck Boys,3475950,4243200,0.97,0.82
Feel Good Inc.,222640,222640,0.06,1.0
Feel So Close - Radio Edit,206413,206413,0.06,1.0
Feel This Moment (feat. Christina Aguilera),229506,229507,0.06,1.0
Feeling,1182203,1615360,0.33,0.73
Feelins,134652,221000,0.04,0.61
Feels Like Summer,149026,149027,0.04,1.0
Feels The Same,2219417,2714630,0.62,0.82
Fergalicious,584746,584746,0.16,1.0
Fever To The Form,252960,252960,0.07,1.0
Fight Night,94700,216248,0.03,0.44
Fighting Demons,470763,601887,0.13,0.78
Find A Way (feat. Lil Baby & Lil Durk),4598105,4675440,1.28,0.98
Find Your Love,276380,417894,0.08,0.66
Fine China,707930,711600,0.2,0.99
Finesse,382000,382000,0.11,1.0
Finesse - Remix; feat. Cardi B,434576,434578,0.12,1.0
Finessin,367567,514875,0.1,0.71
Finna Charge,452214,566556,0.13,0.8
Fire Burning,719,239987,0.0,0.0
Fire In The Sky,7973546,9887563,2.21,0.81
Fire and the Flood,498764,498764,0.14,1.0
Fireflies,551485,913388,0.15,0.6
Firework,455773,455760,0.13,1.0
Fireworks,138000,138000,0.04,1.0
First Day Out,361403,509388,0.1,0.71
Flare Guns,240013,240013,0.07,1.0
FlatBed Freestyle,332264,387946,0.09,0.86
"Flex (Ooh, Ooh, Ooh)",1054446,1590075,0.29,0.66
Flight 99,1701935,3008574,0.47,0.57
"Flight To Memphis (feat. Chris Brown, Juicy J & A$AP Rocky)",10356,215690,0.0,0.05
Flights,6940039,9514548,1.93,0.73
Flirt,3043152,3900624,0.85,0.78
Flood My Wrist (feat. Lil Uzi Vert),16977,180935,0.0,0.09
Flossin’ (feat. YoungBoy Never Broke Again),1121445,1680000,0.31,0.67
Flowers,187828,187828,0.05,1.0
Fly,139302,265655,0.04,0.52
For Free (feat. Drake),319995,734780,0.09,0.44
For Tonight,1608642,2691598,0.45,0.6
Foreign (feat. Nav),733949,802638,0.2,0.91
Foreplay,287900,342742,0.08,0.84
Forever,1340577,1377960,0.37,0.97
Forever Always,650271,860640,0.18,0.76
Forever Humble,9122321,11765275,2.53,0.78
Forever Never (feat. Swae Lee & Pink Sweat$),689597,1085754,0.19,0.64
Freak Of The Week,349472,675180,0.1,0.52
Freaky,173926,173926,0.05,1.0
Freaky with You (feat. Jacquees),726688,1155600,0.2,0.63
Free Fallin',152787,256000,0.04,0.6
Free Like Me,206226,206227,0.06,1.0
Free Lunch,384058,384058,0.11,1.0
Freefall,1506949,1811600,0.42,0.83
Freek-A-Leek,944328,3292618,0.26,0.29
Fresh Eyes,1781176,2376012,0.49,0.75
Fresh Out,643920,643925,0.18,1.0
From Time,2302701,2899440,0.64,0.79
Frozen,603205,734730,0.17,0.82
Fuck It Up (feat. YG),1082559,1418450,0.3,0.76
Fuck Love (feat. Trippie Redd),149213,293040,0.04,0.51
Fuck Tha Police,206877,345717,0.06,0.6
Fuck You,445866,445866,0.12,1.0
Fukk Sleep (feat. FKA twigs),3340,192973,0.0,0.02
Full Circle,219459,217836,0.06,1.01
Fully Focused,122320,248058,0.03,0.49
Function,68638,259200,0.02,0.26
GAMES ON YOUR PHONE,663588,905598,0.18,0.73
GATTI,1268008,1268015,0.35,1.0
GDFR (feat. Sage the Gemini & Lookas) - K Theory Remix,147631,375920,0.04,0.39
GO (feat. Juice WRLD),24862,183947,0.01,0.14
GOLD,166148,266000,0.05,0.62
GUMMO,469619,630572,0.13,0.74
Galway Girl,170826,170827,0.05,1.0
Gangsta's Paradise,83777,240693,0.02,0.35
Gas Pedal,270114,416320,0.08,0.65
Gasolina,560161,770400,0.16,0.73
Gassed - Yung Bae Remix,2681907,3100842,0.74,0.86
Georgia,201293,230507,0.06,0.87
Georgia Peaches,192640,559224,0.05,0.34
Get A Bag,201079,201079,0.06,1.0
Get Even,62096,357100,0.02,0.17
Get Low,827622,1336268,0.23,0.62
Get Throwed,312255,465396,0.09,0.67
Get Together,416106,416106,0.12,1.0
Get You (feat. Kali Uchis),1167604,1390900,0.32,0.84
Getcho Mans,1461610,2324377,0.41,0.63
Getsomerest/sleepwell,332173,332173,0.09,1.0
Ghost,24295,213213,0.01,0.11
Ghostface Killers (feat. Travis Scott),49771,268933,0.01,0.19
Giddy Up (feat. Wiz Khalifa & 24KGoldn),482241,631408,0.13,0.76
Gifted (feat. Roddy Ricch),505431,505431,0.14,1.0
Girl on a Train,2857069,3103316,0.79,0.92
Girls Have Fun (feat. G-Eazy & Rich The Kid),191886,351422,0.05,0.55
Girls That Dance,205680,205680,0.06,1.0
Girls Want Girls (with Lil Baby),1137492,1775840,0.32,0.64
Give Me A Kiss,1686315,2538075,0.47,0.66
Give Your Heart a Break,524306,616041,0.15,0.85
Glamorous,414707,986292,0.12,0.42
Glorious (feat. Skylar Grey),900377,1543178,0.25,0.58
Go Crazy,1168455,1122240,0.32,1.04
Go Hard or Go Home (feat. Stressmatic of the Federation),649940,701616,0.18,0.93
"Go Loko (feat. Tyga, Jon Z)",0,299227,0.0,0.0
Go Now,173333,173333,0.05,1.0
God's Eyes,120018,135516,0.03,0.89
God's Plan,3390,198973,0.0,0.02
Going Bad (feat. Drake),1546213,2166264,0.43,0.71
Gold,225882,225882,0.06,1.0
Golden Brown,228817,841708,0.06,0.27
Good Company (feat. Swae Lee & Quavo),5178,249507,0.0,0.02
Good Day,612565,1570638,0.17,0.39
Good Drank,6470659,8908280,1.8,0.73
Good Evening,7310237,8396040,2.03,0.87
Good Life,3624923,6585982,1.01,0.55
Good Love,430427,1052808,0.12,0.41
Good Morning,240850,390186,0.07,0.62
Good News,3949588,5395290,1.1,0.73
Good Time,381684,411866,0.11,0.93
Good Vibes (Za),858631,860150,0.24,1.0
Goodie Bag,293526,439170,0.08,0.67
Goodies (feat. Petey Pablo),1667234,2007000,0.46,0.83
Gospel,98100,346588,0.03,0.28
Got It All,6691443,9388670,1.86,0.71
Got to Be Real,465911,615894,0.13,0.76
Gradually,4053647,4990720,1.13,0.81
Grant Green,202850,202850,0.06,1.0
Grapevine Pt. I,2565769,3001456,0.71,0.85
Grateful,4141207,5552154,1.15,0.75
Gravity,1112322,1966616,0.31,0.57
Greedy,195213,195213,0.05,1.0
Grove St. Party (feat. Kebo Gotti),4943650,7264297,1.37,0.68
Guatemala - From Swaecation,256341,256341,0.07,1.0
Gucci Flip Flops (feat. Lil Yachty),95490,151851,0.03,0.63
Gucci Gang,258726,620280,0.07,0.42
Habit,307742,307714,0.09,1.0
Half of My Heart,500746,500746,0.14,1.0
Hallelujah,207150,396214,0.06,0.52
Halo,67081,523280,0.02,0.13
Hands On You,1276256,1400103,0.35,0.91
Happier,46313,428580,0.01,0.11
Happy Hour,411725,709120,0.11,0.58
Hard (feat. Tay-K and BlocBoy JB),138996,138997,0.04,1.0
Hard in Da Paint,1034514,2463870,0.29,0.42
Harlem Shake,242810,393328,0.07,0.62
Hate Bein' Sober,560346,560346,0.16,1.0
Hate It Or Love It,206400,206400,0.06,1.0
Havana (feat. Young Thug),434612,433794,0.12,1.0
Head Right,142448,196364,0.04,0.73
HeadBand (feat. 2 Chainz),440480,660720,0.12,0.67
Headlines,471972,471974,0.13,1.0
Headshots (4r Da Locals),3601587,4443807,1.0,0.81
Hear Me Calling,363507,379954,0.1,0.96
Hear You Me,123065,284373,0.03,0.43
"Heart 2 Heart (feat. Meek Mill, Arin Ray, Rose Gold)",250393,462160,0.07,0.54
Heart On Ice,43218,159670,0.01,0.27
Heartbreak Warfare,269720,269720,0.07,1.0
Heartless,211000,211000,0.06,1.0
Heat Waves,1791461,2388050,0.5,0.75
Heaven Falls / Fall on Me,968368,1202985,0.27,0.8
Heaven Only Knows,555695,1120410,0.15,0.5
Heebiejeebies - Bonus,871967,880640,0.24,0.99
Hella Neck,81200,217283,0.02,0.37
Hello Seattle,160881,334374,0.04,0.48
Her,123219,123208,0.03,1.0
Here (In Your Arms),240546,240547,0.07,1.0
Here Comes The Sun - Remastered 2009,185733,185733,0.05,1.0
Hero,1636398,1942596,0.45,0.84
Herside Story,183760,183760,0.05,1.0
Hey Baby (Drop It to the Floor) (feat. T-Pain),378570,468906,0.11,0.81
Hey Daddy (Daddy's Home),224093,224093,0.06,1.0
Hey Ma,394545,690240,0.11,0.57
Hey Ya!,616296,705639,0.17,0.87
High (feat. Elton John),51887,195160,0.01,0.27
High End (feat. Future & Young Thug),252161,404428,0.07,0.62
High Fashion (feat. Mustard),5217014,6835097,1.45,0.76
High Hopes,190946,190947,0.05,1.0
Higher,332051,980052,0.09,0.34
Higher (feat. iann dior),2243048,2447436,0.62,0.92
Him,1765330,1963000,0.49,0.9
"His & Hers (feat. Don Toliver, Lil Uzi Vert & Gunna)",6789523,8961680,1.89,0.76
Hit,68110,169787,0.02,0.4
Hit Me Up,480000,480000,0.13,1.0
Hold The Line (feat. A R I Z O N A),490306,515358,0.14,0.95
"Hold You Down (feat. Chris Brown, August Alsina, Future & Jeremih)",182153,586240,0.05,0.31
Hold on to Me,6563,535720,0.0,0.01
Home,1049523,1278260,0.29,0.82
Hood Go Crazy,376805,675120,0.1,0.56
Hookah,670857,809280,0.19,0.83
Hopeless Romantic (feat. Swae Lee),915685,1133715,0.25,0.81
Hot (feat. Gunna),476466,772108,0.13,0.62
Hot In Herre,456480,456480,0.13,1.0
Hot N*gga,152440,389122,0.04,0.39
Hotel (feat. Chris Brown),5512,437760,0.0,0.01
How Do I Breathe,306180,433786,0.09,0.71
How Far I Came (Feat. Roddy Ricch),1353823,1427622,0.38,0.95
How I Move (feat. Lil Baby),5498258,8321892,1.53,0.66
How Many,1531995,2051240,0.43,0.75
Hurricane,9307145,14591220,2.59,0.64
Hypnotized,607590,766560,0.17,0.79
Hypnotized (feat. Akon),188493,188493,0.05,1.0
I,72399,181891,0.02,0.4
I Ain't Perfect (feat. Blxst),424646,424646,0.12,1.0
I Am Yours,480,276575,0.0,0.0
I Dance (feat. Duki & Cuco),3932015,4424328,1.09,0.89
I Deserve (w/ NOS.),3223290,3745757,0.9,0.86
I Don't Fuck With You,765498,853161,0.21,0.9
I Don't Mind (feat. Juicy J),1809502,2771879,0.5,0.65
I Don't Wanna Know (feat. Enya & P. Diddy) - 2016 Remaster,3482,257333,0.0,0.01
I Get the Bag (feat. Migos),614250,699261,0.17,0.88
I Heard You Got Too Litt Last Night,16208,197885,0.0,0.08
I Just Wanna Party,198068,424506,0.06,0.47
I Know How It Feel (feat. Ty Dolla $ign),38429,272729,0.01,0.14
I Know There's Gonna Be (Good Times),4805385,6195038,1.33,0.78
I Know You Want Me (Calle Ocho),824401,948480,0.23,0.87
I Like Dat,11841280,18882630,3.29,0.63
I Like It,21614,695361,0.01,0.03
I Like It Like That (feat. New Boyz),188200,188200,0.05,1.0
I Like Me Better,197436,197437,0.05,1.0
I Like You (A Happier Song) (with Doja Cat),7479802,8677845,2.08,0.86
I Love It (& Lil Pump),383981,511788,0.11,0.75
I Made It (Cash Money Heroes),249546,249547,0.07,1.0
I Miss You,882250,909012,0.25,0.97
I Miss You (feat. Julia Michaels),411248,411496,0.11,1.0
I Miss You (feat. Julia Michaels) - Acoustic,91790,216294,0.03,0.42
I Sip,515142,785744,0.14,0.66
I Tried,287480,287480,0.08,1.0
I Wanna Benz,262306,262307,0.07,1.0
I Want It,1054722,1384912,0.29,0.76
I Want It That Way,686730,853228,0.19,0.8
I Won't Give Up,43962,240166,0.01,0.18
I Wonder,982354,1460640,0.27,0.67
I'll Find You (feat. Tori Kelly),24195,218213,0.01,0.11
I'm Cool With That,4346927,6037056,1.21,0.72
I'm So Paid,263640,263640,0.07,1.0
I'm Sorry,157524,349785,0.04,0.45
I'm The Man,235702,235703,0.07,1.0
I'm Up (feat. Kid Ink & French Montana),32956,201336,0.01,0.16
I.F.L.Y.,165714,165714,0.05,1.0
INTERNET GANGSTER,4582669,5208150,1.27,0.88
INTRO,441848,864000,0.12,0.51
"IT G MA REMIX (feat. A$AP Ferg, Father, Dumbfoundead, Waka Flocka Flame)",1658135,2400000,0.46,0.69
Ice Ice Baby,198178,508934,0.06,0.39
Ice Tray,121626,213613,0.03,0.57
If I Ain't Got You,419317,686121,0.12,0.61
If I Tell You,4802450,5793228,1.33,0.83
If I Want It (feat. Yakki Divioshi),537388,537392,0.15,1.0
Ima Boss (feat. Rick Ross),677905,1000960,0.19,0.68
Immortal,167093,509446,0.05,0.33
Impatient,2335524,2455200,0.65,0.95
In My Head,200210,597081,0.06,0.34
In The Dark,2611160,3260821,0.73,0.8
In The Dark (with Jhené Aiko),2901188,3867528,0.81,0.75
In Those Jeans,42065,243307,0.01,0.17
In the End,8670,216880,0.0,0.04
In the Midst of It All,324775,685208,0.09,0.47
In the Moment,338472,400040,0.09,0.85
In the Water (with Quinn XCII),280952,280952,0.08,1.0
Indica,177788,431052,0.05,0.41
Infatuation,68015,265960,0.02,0.26
Insecure,399161,872292,0.11,0.46
Insecurities,1789039,1799031,0.5,0.99
Insomnia,373365,516732,0.1,0.72
Instore,218866,218867,0.06,1.0
Into You (feat. Ashanti),274333,274333,0.08,1.0
Into You (feat. Fabolous),294093,294093,0.08,1.0
Into You (feat. Tamia),599664,1183092,0.17,0.51
Invincible,5073817,6632444,1.41,0.76
Iris,104002,289533,0.03,0.36
Is It Too Much to Ask For (feat. Shiloh),100310,100310,0.03,1.0
Issues,509662,635055,0.14,0.8
It Doesn't Matter,9408815,12142800,2.61,0.77
It Girl,192200,192200,0.05,1.0
It Was A Good Day,5440,260000,0.0,0.02
It's A Vibe,595660,841600,0.17,0.71
It's My Life,224493,224493,0.06,1.0
It's Time,237986,237987,0.07,1.0
Ivy,532739,747573,0.15,0.71
Iz U Down (feat. Tyga),28883,471414,0.01,0.06
Izzo (H.O.V.A.),483001,721881,0.13,0.67
I’m Still Trying,1107802,1420160,0.31,0.78
JAPAN,1332384,1704000,0.37,0.78
JETSKI (feat. Lil Mosey & Lil Tecca),330322,330322,0.09,1.0
JUGGERNAUT (feat. Lil Uzi Vert & Pharrell Williams),77983,146419,0.02,0.53
JUMP (feat. YoungBoy Never Broke Again),332422,636279,0.09,0.52
Jackass,143777,143778,0.04,1.0
Jackie Chan,411232,431520,0.11,0.95
Jail,224703,297000,0.06,0.76
Janet,793093,816000,0.22,0.97
"January (feat. Childish Major, Sylvan LaCue & Chris Scholar)",229900,268854,0.06,0.86
Japanese Denim,269768,270847,0.07,1.0
Jealous,557122,669321,0.15,0.83
Jerry Curl (feat. Larry June),194022,194023,0.05,1.0
Jerry Sprunger (with T-Pain),934184,934184,0.26,1.0
Jet Lag,1700,203720,0.0,0.01
Jocelyn Flores,256934,357399,0.07,0.72
John Redcorn,197273,375786,0.05,0.52
Jordan Belfort,350295,415824,0.1,0.84
Jovial,265309,285456,0.07,0.93
Joy To The World,628998,1102865,0.17,0.57
Juice,1070795,1790904,0.3,0.6
Juicy - 2005 Remaster,71680,302760,0.02,0.24
Just A Dream,197668,237800,0.05,0.83
Just A Lil' Thick (She Juicy) (feat. Mystikal & Lil Dicky),4792062,7937826,1.33,0.6
KEKE,292194,303830,0.08,0.96
KIKA,136031,136032,0.04,1.0
Kamikaze,483949,417600,0.13,1.16
Keep Comin' Back,8051845,9037058,2.24,0.89
Keep It 100,218000,214138,0.06,1.02
Keep Your Head Up,189933,189933,0.05,1.0
Keeper (feat. A Boogie Wit da Hoodie),1478432,1866667,0.41,0.79
Kenji,487319,694440,0.14,0.7
Killed Before,1737000,1986363,0.48,0.87
King James,2907366,4157244,0.81,0.7
King Kony,672070,692452,0.19,0.97
Kings & Queens,189986,189987,0.05,1.0
Kiss Kiss (feat. T-Pain),2136,250667,0.0,0.01
Kiss Me Thru The Phone,193385,193387,0.05,1.0
Knock Knock,202806,202807,0.06,1.0
Knock You Down,436412,978561,0.12,0.45
Know Your Worth,362872,362872,0.1,1.0
Kream (feat. Tyga),339451,499881,0.09,0.68
Kung Fu,781344,998400,0.22,0.78
Kyrie,61388,204615,0.02,0.3
L$D,57120,238307,0.02,0.24
L.A. Story (feat. Mike Posner),835643,1040000,0.23,0.8
"LA (feat. Kendrick Lamar, Brandy & James Fauntleroy)",235918,307360,0.07,0.77
LA CANCIÓN,1281317,1455438,0.36,0.88
LEMME FIND OUT,2130117,2542112,0.59,0.84
LET IT RAIN,642772,1107120,0.18,0.58
LOT OF ME,3170698,3716130,0.88,0.85
LOVE. FEAT. ZACARI.,68249,213400,0.02,0.32
LOYAL (feat. Drake),395946,395946,0.11,1.0
LUV - Snakehips Remix,4508540,7387200,1.25,0.61
La La La,221987,220152,0.06,1.01
La La Land (feat. YG),531597,531354,0.15,1.0
Last Day . . .,275666,275668,0.08,1.0
Last Friday Night (T.G.I.F.),1401287,1615131,0.39,0.87
Last Night,1344434,2559480,0.37,0.53
Last One Left (with Roddy Ricch),2045127,2347092,0.57,0.87
Last Train Home,2493972,7117666,0.69,0.35
Latch - Acoustic,223429,223429,0.06,1.0
Late Night,2169083,2612698,0.6,0.83
Late to the Party,809188,1180116,0.22,0.69
Laugh Now Cry Later (feat. Lil Durk),8933419,11505692,2.48,0.78
Law (feat. E-40),514532,514534,0.14,1.0
Lay It on Me,625188,646479,0.17,0.97
Leaf Wraps,2252539,2982560,0.63,0.76
Lean Back,1625714,1979416,0.45,0.82
Lean Like A Cholo,148514,396434,0.04,0.37
Lean On,661049,706244,0.18,0.94
Leave Me (feat. Marc E. Bassy),850214,1026204,0.24,0.83
Leave Me Alone,391274,391274,0.11,1.0
Lemonade,220405,390858,0.06,0.56
Lemonade (Feat. Roddy Ricch & Don Toliver) [Remix],65457,181496,0.02,0.36
"Lemonade (feat. Gunna, Don Toliver & NAV)",195428,195429,0.05,1.0
Lemonade - Remix,181495,181496,0.05,1.0
Let Go,717980,1059192,0.2,0.68
Let It Be Known,2541782,3231984,0.71,0.79
Let It Go,671337,1302665,0.19,0.52
Let It Rock,693519,693519,0.19,1.0
"Let Me Go (with Alesso, Florida Georgia Line & watt)",194932,349600,0.05,0.56
Let Me Love You (Until You Learn To Love Yourself),503252,503254,0.14,1.0
Let's Get It (Remix) [feat. 21 Savage],1513147,1726956,0.42,0.88
Let's Groove,1639742,2714560,0.46,0.6
Let's go to Hell,893486,1826184,0.25,0.49
Letter To My Son,507029,661710,0.14,0.77
Letting Go (Dutty Love) featuring Nicki Minaj (feat. Nicki Minaj),230600,230600,0.06,1.0
Level Up,3092442,3235740,0.86,0.96
Levitating (feat. DaBaby),9075357,12386904,2.52,0.73
License to Chill,342288,494241,0.1,0.69
Lick,409029,409032,0.11,1.0
Lies (feat. Ty Dolla $ign & YG),171000,171000,0.05,1.0
Life After You,378047,414426,0.11,0.91
Life Goes On,2665389,2964660,0.74,0.9
Life Goes On (feat. Ty Dolla $ign),808518,969420,0.22,0.83
Lifestyle,768872,1618158,0.21,0.48
Lift Me Up (feat. Future & Young Thug),644589,847652,0.18,0.76
Lift Off,152205,318939,0.04,0.48
Light It Up - Remix,1863473,2159794,0.52,0.86
Lights Out,2983363,4013223,0.83,0.74
Like A G6,361297,433786,0.1,0.83
Like Me (with PnB Rock),333503,381680,0.09,0.87
Lil Favorite (feat. MadeinTYO),4481436,6009443,1.24,0.75
Lil Top,16699937,24889964,4.64,0.67
Liquor Locker,1553912,1806840,0.43,0.86
Little Things (with Quinn XCII & Chelsea Cutler),1523751,1579624,0.42,0.96
Litty (feat. Tory Lanez),1124380,1403075,0.31,0.8
Livin It Up (with Post Malone & A$AP Rocky),7266512,11388978,2.02,0.64
Livin' On A Prayer,249293,249293,0.07,1.0
Living Single,1105384,1105388,0.31,1.0
Locationships,182520,182520,0.05,1.0
Locked out of Heaven,1547838,1867824,0.43,0.83
Lollipop,598666,598666,0.17,1.0
London,408588,408588,0.11,1.0
Long Beach,263564,505558,0.07,0.52
Long Espresso,95142,95143,0.03,1.0
Long Time - Intro,1313707,1482411,0.36,0.89
Look Alive,35556,228000,0.01,0.16
Look At Me Now (feat. Lil' Wayne & Busta Rhymes),222586,222587,0.06,1.0
Look At Me!,126345,126346,0.04,1.0
Lose Control (Featuring JoJo),1071200,1071200,0.3,1.0
Losing You,1421793,1733050,0.39,0.82
Lost,1051675,728028,0.29,1.44
Lost Me,1298699,1447632,0.36,0.9
Love & Loyalty (Believe),384395,760106,0.11,0.51
Love Come Save Me,1577984,2318000,0.44,0.68
Love Galore (feat. Travis Scott),1445197,2200640,0.4,0.66
Love Is Poison,41917,157975,0.01,0.27
Love Lockdown,696,270307,0.0,0.0
Love Me,117013,253440,0.03,0.46
Love On Top,184528,267413,0.05,0.69
Love Sosa,32370,492426,0.01,0.07
Love The Way You Lie,96803,263373,0.03,0.37
Love U Better (feat. Lil Wayne & The-Dream),573285,727520,0.16,0.79
Love You Better (feat. Chris Brown),2391,212727,0.0,0.01
Love in This Club (feat. Young Jeezy),259720,259720,0.07,1.0
Love$ick (feat. A$AP Rocky),1603092,1729440,0.45,0.93
Love's Train,9638614,14429658,2.68,0.67
Lovers And Friends,607601,781800,0.17,0.78
Low (feat. T-Pain),256097,694200,0.07,0.37
Low Life (feat. The Weeknd),329310,940641,0.09,0.35
Lowkey (feat. Roy Woods & 24hrs),1265100,2002760,0.35,0.63
Loyal (feat. Lil Wayne & Tyga),191425,264947,0.05,0.72
Loyal to the Soil (feat. Lil Wayne),352580,721089,0.1,0.49
Lucid Dreams,239835,239836,0.07,1.0
Lucy,794000,712500,0.22,1.11
Lush Life,1425980,1608976,0.4,0.89
Lust,631314,780000,0.18,0.81
MAGIC,2408387,3164084,0.67,0.76
MIDDLE CHILD,10126,427188,0.0,0.02
MONEY ON ME,1383144,2149260,0.38,0.64
MY PYT,238876,473734,0.07,0.5
Made In China,21564,552672,0.01,0.04
Magic (feat. Rivers Cuomo),196133,196133,0.05,1.0
Magic In The Hamptons (feat. Lil Yachty),337520,493920,0.09,0.68
Magnetised - Acoustic,143760,1168748,0.04,0.12
Magnolia,528579,727248,0.15,0.73
Main Chick (feat. Chris Brown),554803,989065,0.15,0.56
Make It Home,6120,272027,0.0,0.02
Make It Rain,45290,478986,0.01,0.09
Make Me Better,760719,760719,0.21,1.0
Make My Love Go (feat. Sean Paul),72376,211781,0.02,0.34
Make No Sense,334662,891780,0.09,0.38
Make Time,18592,202823,0.01,0.09
Make a Mall,10207871,12227500,2.84,0.83
Make the Most (feat. H.E.R.),9680925,15611123,2.69,0.62
Mama,941584,1463091,0.26,0.64
Man Listen,183920,183920,0.05,1.0
Man Of The Year,736669,864052,0.2,0.85
Man in the Mirror - 2012 Remaster,318680,318680,0.09,1.0
Man's Not Hot,88454,186027,0.02,0.48
Mando (feat. Mozzy),1024830,1024836,0.28,1.0
Mango,191072,191073,0.05,1.0
Mannequin (feat. Lil Tjay),2012509,3371760,0.56,0.6
March Madness,8143154,10762972,2.26,0.76
Mars (feat. Lil Uzi Vert),599586,599592,0.17,1.0
Mask Off,1647,204600,0.0,0.01
Maya,1144345,1663640,0.32,0.69
Maybe She,338180,338182,0.09,1.0
Meant to Be (feat. Florida Georgia Line),218233,327740,0.06,0.67
Meet In Tha Middle (Featuring Bran' Nu),831006,1204335,0.23,0.69
Meet The Moonlight,305607,305607,0.08,1.0
Memories,179147,332000,0.05,0.54
Mesmerize,1006086,1393600,0.28,0.72
Meteor Shower,119746,133787,0.03,0.9
Metropolis,11820,295360,0.0,0.04
Mi Gente,475451,568320,0.13,0.84
MiAMi (feat. Gunna),552834,733410,0.15,0.75
Middle,163638,220573,0.05,0.74
Millidelphia (feat. Swizz Beatz),2190391,3885102,0.61,0.56
Mind of a Real,201618,613388,0.06,0.33
Mirror Maru,3370,242133,0.0,0.01
Miss Independent,464000,464000,0.13,1.0
Mixed Personalities (feat. Kanye West),230400,230400,0.06,1.0
Mo Money Mo Problems (feat. Puff Daddy & Mase) - 2014 Remaster,514800,514800,0.14,1.0
Moana,36942,178217,0.01,0.21
Modern Loneliness,10727,252337,0.0,0.04
Moist,71656,200979,0.02,0.36
Mojito,12585,185008,0.0,0.07
Molly Girl,120147,242696,0.03,0.5
Monday Loop,91504,91505,0.03,1.0
Money Ball,250496,434614,0.07,0.58
Money In The Grave (Drake ft. Rick Ross),2716,205427,0.0,0.01
Money Talk (feat. YoungBoy Never Broke Again),576980,1052478,0.16,0.55
Monica Lewinsky (feat. A Boogie Wit da Hoodie),3787957,6014250,1.05,0.63
Mood (feat. iann dior),2271510,2951046,0.63,0.77
Mood Swings (feat. Lil Tjay),36575,426666,0.01,0.09
Moolah,333580,408054,0.09,0.82
Moonwalk,892584,1831038,0.25,0.49
Moonwalkin (feat. Lil Durk),167850,167851,0.05,1.0
"More Than A Woman - From ""Saturday Night Fever"" Soundtrack",588639,588639,0.16,1.0
Morning,631298,1030400,0.18,0.61
Morning Dew,1007428,1185185,0.28,0.85
Motion,612824,955605,0.17,0.64
Motivation,231173,231173,0.06,1.0
MotorSport,793908,922980,0.22,0.86
Movie,5927828,11792781,1.65,0.5
Mr. Blue Sky,303373,303373,0.08,1.0
Mr. Brightside,222973,222587,0.06,1.0
Ms. New Booty,19620,252653,0.01,0.08
Mucho Mango,23800,172394,0.01,0.14
Mulberry Street,1969431,2468378,0.55,0.8
Multiple Flows (with Lil Uzi Vert),1361531,3510825,0.38,0.39
Murmuration,468000,468000,0.13,1.0
Muscle Cars (feat. Keak da Sneak & Turf Talk),387980,1211600,0.11,0.32
Music To My Ears (feat. Tory Lanez),579129,579129,0.16,1.0
Musty,20421,161558,0.01,0.13
My Bad,658020,664404,0.18,0.99
My Friends (feat. Lil Durk),2855546,3005192,0.79,0.95
My House,192190,192191,0.05,1.0
My Nigga,132692,471200,0.04,0.28
My Own Worst Enemy,87850,169027,0.02,0.52
My Storm,1160407,1672944,0.32,0.69
My Type,882765,1087065,0.25,0.81
My Type (feat. City Girls & Jhené Aiko) - Remix,810160,1033884,0.23,0.78
My Way,219159,219160,0.06,1.0
My Way (feat. Monty),13420,213053,0.0,0.06
Myself,1235700,1808320,0.34,0.68
Mystery Lady (feat. Don Toliver),5987579,10508838,1.66,0.57
NO ONE OUTSIDE,230272,230273,0.06,1.0
Na Na,436938,463814,0.12,0.94
Nameless,2030709,2593738,0.56,0.78
Nasty Freestyle (feat.Ty Dolla $ign & Chedda Da Connect) - Remix,1417857,1804896,0.39,0.79
Navajo,388314,388314,0.11,1.0
Need You,1596303,1903726,0.44,0.84
Neon,407076,786321,0.11,0.52
"Neon - Live at the Nokia Theatre, Los Angeles, CA - December 2007",671166,711466,0.19,0.94
Never Forget,110141,187680,0.03,0.59
"Never Recover (Lil Baby & Gunna, Drake)",261789,389464,0.07,0.67
New Flame (feat. Usher & Rick Ross),295977,488454,0.08,0.61
New Level (feat. Future),1787877,3179676,0.5,0.56
New Light,1091953,1739416,0.3,0.63
New Patek,69406,686198,0.02,0.1
"New To You (with Normani, Tinashe & Offset)",2950934,4841808,0.82,0.61
Next Day,2371635,3496262,0.66,0.68
Next to You,443866,443866,0.12,1.0
Ni**as In Paris,535493,657960,0.15,0.81
Niagara Falls (Foot or 2) [with Travis Scott & 21 Savage],1923111,6633824,0.53,0.29
Nice for What,115860,174545,0.03,0.66
Nightmares (feat. Lil Skies),109203,200213,0.03,0.55
Nine Million Bicycles,78313,197160,0.02,0.4
Ninety,2674521,4213512,0.74,0.63
No Cap,26000,144142,0.01,0.18
No Fear,686381,849265,0.19,0.81
No Guidance (feat. Drake),416144,521280,0.12,0.8
No Handoutz (feat. Yeat),1234072,1805892,0.34,0.68
No Hands (feat. Roscoe Dash & Wale),1237652,1582638,0.34,0.78
No Heart,942821,1410240,0.26,0.67
No Limit,501036,736161,0.14,0.68
No Love,65387,276080,0.02,0.24
No Mediocre (feat. Iggy Azalea),652259,1011065,0.18,0.65
No Mop,1546586,2272231,0.43,0.68
No More Parties - Remix,780857,1735920,0.22,0.45
No More Parties In LA,210739,748826,0.06,0.28
No Problem (feat. Lil Wayne & 2 Chainz),765498,913821,0.21,0.84
No Return (with The Kid LAROI & Lil Durk),203082,337458,0.06,0.6
No Role Modelz,770946,1171948,0.21,0.66
No Scrubs,433500,857600,0.12,0.51
No Sleep,191320,191320,0.05,1.0
No Smoke,185912,640000,0.05,0.29
No Stoppin ft. Blxst,6320702,9236656,1.76,0.68
No Stylist (feat. Drake),384344,384344,0.11,1.0
No Time (feat. Gunna),2153873,2633436,0.6,0.82
No Type,200079,200080,0.06,1.0
Nominated,174788,195349,0.05,0.89
Nonstop,238799,477226,0.07,0.5
Norf Norf,868022,1282120,0.24,0.68
North Face,2474783,2755200,0.69,0.9
Not Afraid,248133,248133,0.07,1.0
Not Coming Back,5688,157928,0.0,0.04
Not Jus Anybody (feat. Future),189878,324076,0.05,0.59
Not Nice,1021942,1418627,0.28,0.72
Not The Boy,419788,419788,0.12,1.0
Not for Long (feat. Trey Songz),7267,215508,0.0,0.03
Nothin I Won't Do,1324684,1417966,0.37,0.93
Nothin' Like Me (feat. Ty Dolla $ign),405150,490026,0.11,0.83
Nothin' on You (feat. Bruno Mars),1073280,1073280,0.3,1.0
Nothing (feat. Eric Bellinger),444530,543672,0.12,0.82
Nothing More To Say (with 6LACK & Donae’o),2845400,4211532,0.79,0.68
Noticed,679413,990000,0.19,0.69
Nowadays (feat. Landon Cube),304796,1427356,0.08,0.21
Numb,146478,510534,0.04,0.29
Numb - Bonus Track,254000,254000,0.07,1.0
Numb Numb Juice,953546,1178617,0.26,0.81
O-o-h Child,197440,197160,0.05,1.0
OMG (feat. will.i.am),461070,1347465,0.13,0.34
OOOWWWEEE,166576,295084,0.05,0.56
ORANGE SODA,1328650,2207994,0.37,0.6
Ocean (feat. Jacquees),614322,658311,0.17,0.93
Off Deez (with J. Cole),4000824,8534320,1.11,0.47
Often,2667377,5976960,0.74,0.45
"Oh I (feat. Jeremih, Young Thug & Sevyn)",427311,635397,0.12,0.67
Ok Ok pt 2,36930,204630,0.01,0.18
Old Fashioned,326338,399808,0.09,0.82
Old Pine,328506,328507,0.09,1.0
Old Streets,407377,633600,0.11,0.64
Old Town Road,113000,113000,0.03,1.0
On Chill (feat. Jeremih),5096685,6849120,1.42,0.74
On It!,253854,253856,0.07,1.0
On Me,2679863,5619822,0.74,0.48
"On Me (Quality Control, Lil Yachty & Young Thug)",216147,216147,0.06,1.0
On One (feat. Ty Dolla Sign & King Marie),197061,389574,0.05,0.51
On The Floor - Radio Edit,230906,230907,0.06,1.0
On The Wing,301213,301213,0.08,1.0
On the Frame,219480,219480,0.06,1.0
On the Gang (feat. Skeme),1294232,1620243,0.36,0.8
On the Set (feat. Tory Lanez),21262500,25949574,5.91,0.82
Once In a While,1000100,1075800,0.28,0.93
Once Upon a Time,92592,234107,0.03,0.4
One Call,516282,782944,0.14,0.66
One Day,279585,904348,0.08,0.31
One Man Can Change The World,509252,509254,0.14,1.0
One More Time,511018,1281428,0.14,0.4
One Time,141079,863468,0.04,0.16
One Time Comin',1560927,2400160,0.43,0.65
One Way (feat. T-Pain) - Bonus,280906,1147828,0.08,0.24
One Wish,910091,3038760,0.25,0.3
"One, Two Step (feat. Missy Elliott)",1076667,1630296,0.3,0.66
OneFineBiddy,2893740,3789283,0.8,0.76
Only Want You,267381,412400,0.07,0.65
Open (feat. Majid Jordan),518871,1139735,0.14,0.46
Open Safe,191170,223939,0.05,0.85
Oprah’s Bank Account (Lil Yachty & DaBaby feat. Drake),246733,413404,0.07,0.6
Oreke,89818,182640,0.02,0.49
Our Song,359885,402214,0.1,0.89
Our Time,688891,689143,0.19,1.0
Out Of Love (feat. Internet Money),1373180,1382373,0.38,0.99
Out On Bail,452258,453090,0.13,1.0
Out Tha Mud,158238,424104,0.04,0.37
Outside,3690062,5502438,1.03,0.67
Outside Today,167092,258210,0.05,0.65
Outstanding,162266,162267,0.05,1.0
Over,674533,700680,0.19,0.96
Over Now (with The Weeknd),210795,210795,0.06,1.0
Overrated,1519081,3085719,0.42,0.49
PIE (feat. Chris Brown),568170,633720,0.16,0.9
PRBLMS,332094,740319,0.09,0.45
PUFFIN ON ZOOTIEZ,1151887,1902263,0.32,0.61
Paid the Fine (feat. Lil Baby & YTB Trench),2219,201547,0.0,0.01
Paint,191773,191773,0.05,1.0
Panama,169420,247293,0.05,0.69
Panda,624997,987044,0.17,0.63
Panini - DaBaby Remix,280521,453120,0.08,0.62
"Panoramic (feat. Sage The Gemini, Show Banga)",250947,319000,0.07,0.79
Paradise,2402364,3203595,0.67,0.75
Paramedic!,438612,438614,0.12,1.0
Paranoia (feat. Gunna & Young Thug),36114,212658,0.01,0.17
Partna In Crime (P.I.C.),125204,138592,0.03,0.9
Party In The U.S.A.,600890,606201,0.17,0.99
Party Like A Rock Star,152110,253400,0.04,0.6
Party Up,390167,537734,0.11,0.73
Passport,197684,197684,0.05,1.0
Patek Water (feat. Offset),685500,1136880,0.19,0.6
Patty Cake,930931,1981100,0.26,0.47
Pay You Back (feat. 21 Savage),1874811,2823156,0.52,0.66
Payphone,961315,1156935,0.27,0.83
Peach,530196,530196,0.15,1.0
Peaches (feat. Daniel Caesar & Giveon),3602707,7130952,1.0,0.51
People I Know,1578819,3246435,0.44,0.49
Perfect,107508,263400,0.03,0.41
Perfect Timing,203765,588387,0.06,0.35
Perkys Callin' (Free Style),742809,992340,0.21,0.75
Perkys Calling,1,233066,0.0,0.0
Peru - Remix,3065452,4299919,0.85,0.71
Peta (feat. Meek Mill),198848,198849,0.06,1.0
Phone Numbers,381958,587308,0.11,0.65
Photograph,5224,258987,0.0,0.02
Photosynthesis,403464,403466,0.11,1.0
Piece Of Streets,232474,406536,0.06,0.57
"Pills & Automobiles (feat. Yo Gotti, A Boogie Wit Da Hoodie & Kodak Black)",1094938,1171640,0.3,0.93
Pineapple (feat. Gucci Mane & Quavo),356279,436522,0.1,0.82
Pink + White,429291,738064,0.12,0.58
Places + Faces,483438,483441,0.13,1.0
Plain Jane,1100240,1736000,0.31,0.63
Planez,724580,961280,0.2,0.75
Playinwitme (feat. Kehlani),383360,383360,0.11,1.0
Playlist,346461,397844,0.1,0.87
Plug Walk,1556778,1577070,0.43,0.99
Po'ed Up (feat. Gunna),604043,819535,0.17,0.74
Polo & Shell Tops,432130,619800,0.12,0.7
Pompeii,214147,214148,0.06,1.0
Pony,386124,243478,0.11,1.59
Pop Out (feat. Lil Tjay),166560,166640,0.05,1.0
Poseidon - Original Edit,437786,437788,0.12,1.0
Possessive (feat. Lil Wayne & BLEU),1312275,1402482,0.36,0.94
Post to Be (feat. Chris Brown & Jhene Aiko),906320,906324,0.25,1.0
Potato Salad,524469,547479,0.15,0.96
Potion (with Dua Lipa & Young Thug),2184682,3658672,0.61,0.6
Powder Blue (feat. Gunna),298798,298800,0.08,1.0
Power Trip (feat. Miguel),31904,241160,0.01,0.13
Praise The Lord (Da Shine) (feat. Skepta),1002969,1435280,0.28,0.7
Pray For The Drip (feat. Offset),260514,339408,0.07,0.77
Prayers Up (feat. Travis Scott & A-Trak),711225,1021400,0.2,0.7
Pretty,382880,382880,0.11,1.0
Pretty Girl Rock,226371,243920,0.06,0.93
Pretty Little Fears (feat. J. Cole),119826,240342,0.03,0.5
Price Tag,223053,223053,0.06,1.0
Pricey & Spicy,349956,454884,0.1,0.77
Private,1569732,1897770,0.44,0.83
Problems,651480,1099665,0.18,0.59
Project Dreams,128401,167898,0.04,0.76
Promiscuous,699626,726879,0.19,0.96
Promise (feat. Fetty Wap),738460,1121200,0.21,0.66
Property (feat. Keke Palmer),386006,386008,0.11,1.0
Prospect (ft. Lil Baby),717462,1357884,0.2,0.53
Provider,232385,243238,0.06,0.96
Ps & Qs,221538,221538,0.06,1.0
Psycho (feat. Ty Dolla $ign),442880,442880,0.12,1.0
"Psycho, Pt. 2",1721450,2105805,0.48,0.82
Pullin' Me Back,1409834,2575463,0.39,0.55
Pure Imagination,99840,99838,0.03,1.0
Pure Souls,10431665,19724210,2.9,0.53
Pure Water (with Migos),667373,1361640,0.19,0.49
Put In Work (with Chris Brown),416805,599691,0.12,0.7
Put Me on Somethin',515584,618681,0.14,0.83
Put On,569183,642586,0.16,0.89
QUARANTINE CLEAN,636378,653184,0.18,0.97
Questions,650898,776868,0.18,0.84
Quicksand,674799,671832,0.19,1.0
R.I.C.O. (feat. Drake),1016216,1182798,0.28,0.86
R.I.P.,373821,399946,0.1,0.93
"RAF (feat. A$AP Rocky, Playboi Carti, Quavo, Lil Uzi Vert & Frank Ocean)",146075,255413,0.04,0.57
REALLY (feat. Stunna 4 Vegas),531114,697500,0.15,0.76
REDMERCEDES,172120,339414,0.05,0.51
REPEAT IT (with Gunna),6699184,9326905,1.86,0.72
RESCUE,4428797,5529825,1.23,0.8
RIP Young,333570,790255,0.09,0.42
RNP (feat. Anderson .Paak),340432,527484,0.09,0.65
ROCKSTAR (feat. Roddy Ricch),86164,363466,0.02,0.24
ROCKSTAR P,1399552,2323135,0.39,0.6
ROXANNE,494058,654544,0.14,0.75
Rack City,270037,406400,0.08,0.66
Racks in the Middle (feat. Roddy Ricch and Hit-Boy),233277,233278,0.06,1.0
Ransom,363345,524960,0.1,0.69
Rap Song (feat. Rick Ross),38434,237800,0.01,0.16
Rather Be (feat. Jess Glynne),251945,455666,0.07,0.55
Ready or Not,419072,803788,0.12,0.52
Real (feat. Unfoonk),671589,773440,0.19,0.87
Real Friends,251573,251573,0.07,1.0
Real Life (feat. Roddy Ricch & Mustard),165698,165698,0.05,1.0
Real Talk,7783375,9342537,2.16,0.83
Real Ties,458717,713345,0.13,0.64
Really Be (Smokin N Drinkin),24589,310880,0.01,0.08
Really Really,525214,696279,0.15,0.75
Reborn,1187552,1298696,0.33,0.91
Recap (feat. Don Toliver),8102203,11649825,2.25,0.7
Reckless,510655,711471,0.14,0.72
Red Cup,251986,251987,0.07,1.0
Red Roses (feat. Landon Cube),262544,262544,0.07,1.0
Redbone,985323,1634665,0.27,0.6
Relationship (feat. Future),430617,645921,0.12,0.67
Relaxin,180109,180109,0.05,1.0
Remember Me?,222682,222682,0.06,1.0
Remember the Name (feat. Styles of Beyond),452843,691479,0.13,0.65
Rememory (feat. Chance The Rapper),397226,397226,0.11,1.0
Repeat (feat. Fivio Foreign),1457926,1576870,0.4,0.92
Replay,182306,182307,0.05,1.0
Respect My Cryppin’ (Remix),201017,201018,0.06,1.0
Retro (Rough),59604,405334,0.02,0.15
Ric Flair Drip (with Metro Boomin),2170995,2937600,0.6,0.74
Rich As Fuck,126827,223173,0.04,0.57
Rich Girl,144333,144333,0.04,1.0
Ride,834878,1334235,0.23,0.63
Ride (feat. Kehlani),205893,205893,0.06,1.0
Ride Wit Me,26539,583564,0.01,0.05
Ride or Die (feat. Foster the People),484068,484070,0.13,1.0
Ridin (feat. Landon Cube & YBN Nahmir),225103,225103,0.06,1.0
Ridin' Solo,596446,647241,0.17,0.92
Right Now (Na Na Na),35712,240747,0.01,0.15
Right There,148445,247080,0.04,0.6
Right Thurr,330085,752241,0.09,0.44
Riot,602756,665832,0.17,0.91
Riri,181975,182139,0.05,1.0
Rock N Roll (feat. Kanye West & Kid Cudi),1468901,1871384,0.41,0.78
Rock with You - Single Version,398081,441254,0.11,0.9
Rocketeer,845012,845012,0.23,1.0
Roll With Me,81425,206472,0.02,0.39
Roll in Peace (feat. XXXTENTACION),782639,1065660,0.22,0.73
Rollin (feat. Future & Khalid),744550,818001,0.21,0.91
Rolling in the Deep,119722,228293,0.03,0.52
Roses,233642,362288,0.06,0.64
Rover (feat. Lil Tecca),159364,500418,0.04,0.32
Royal Rumble,743204,797590,0.21,0.93
Rubbin off the Paint,157504,157505,0.04,1.0
Rude Boy,222920,222920,0.06,1.0
Rum n Tequila,704853,826320,0.2,0.85
"Run (feat. Tyga, 21 Savage & BIA)",58537,237624,0.02,0.25
Run A Bag Up,339066,406154,0.09,0.83
Run It Up (feat. Pop Smoke),179371,179372,0.05,1.0
Run It! (feat. Juelz Santana),224709,229867,0.06,0.98
Run This Town,131866,267520,0.04,0.49
Ruthless (feat. Jay Critch),244573,244573,0.07,1.0
SAD!,232457,499818,0.06,0.47
SCARLETT'S WEEKEND,562949,670176,0.16,0.84
"SHELTER (ft. Wyclef Jean, Chance The Rapper)",2066,261707,0.0,0.01
SICKO MODE,121254,312820,0.03,0.39
SMUCKERS (feat. Lil Wayne & Kanye West),180140,334363,0.05,0.54
SOMETHING NEW (feat. Lil Baby),456538,456540,0.13,1.0
SOS,117773,203787,0.03,0.58
SOS (feat. Aloe Blacc),319663,628808,0.09,0.51
STAY (with Justin Bieber),294992,992642,0.08,0.3
STILL BREATHING,201863,360214,0.06,0.56
STROBE LIGHTS,1107213,1538820,0.31,0.72
STUNNAMAN (with Roddy Ricch & feat. Lil Wayne),99490,219121,0.03,0.45
SUGAR,521785,613599,0.14,0.85
SUGAR (Remix) [feat. Dua Lipa],395795,444018,0.11,0.89
SUMO | ZUMO,974595,1591611,0.27,0.61
SUPERBLOOM,1281756,1494829,0.36,0.86
SWISH,203733,389872,0.06,0.52
Saint-Tropez,97300,301734,0.03,0.32
Salt Shaker,252439,252440,0.07,1.0
Same Drugs,259237,515550,0.07,0.5
Same Thing,1665309,1953492,0.46,0.85
Satisfaction,581193,654910,0.16,0.89
Satisfied,783785,960000,0.22,0.82
Saturday Sun,436322,858988,0.12,0.51
Sauce It Up,1024,207039,0.0,0.0
Savage (feat. Flux Pavilion & MAX),30463,410666,0.01,0.07
Save Me From Myself (with NoMBe & Big Gigantic),211685,211686,0.06,1.0
Saved (feat. E-40),489958,535521,0.14,0.91
Say,230213,230213,0.06,1.0
Say A',13336,429708,0.0,0.03
Say Aah (feat. Fabolous),682659,1037735,0.19,0.66
Say Goodbye,289760,289760,0.08,1.0
Say It,477870,713361,0.13,0.67
Say It (feat. Tove Lo),391183,525042,0.11,0.75
Say It Right,661662,892320,0.18,0.74
Say My Name,271333,271333,0.08,1.0
Say No More,196691,196692,0.05,1.0
Say U Won't,379888,379890,0.11,1.0
Say Yea,4546048,5140525,1.26,0.88
Say You Want Me,1559348,2947425,0.43,0.53
Scenario,11273960,14265433,3.13,0.79
Score (feat. SZA & 6LACK),684400,803872,0.19,0.85
Scrape It Off (feat. Lil Uzi Vert & Don Toliver),2803272,4425777,0.78,0.63
Scream & Shout,283400,283400,0.08,1.0
Search for Tomorrow,256240,256240,0.07,1.0
Seattle,460638,460641,0.13,1.0
Secrets,224693,224693,0.06,1.0
Selfish,9419691,8571927,2.62,1.1
September,2174760,2581116,0.6,0.84
Serotonin,3024220,5144234,0.84,0.59
Sextasy,15430,225037,0.0,0.07
Sexy Bitch (feat. Akon),34458,195853,0.01,0.18
SexyBack (feat. Timbaland),368382,728199,0.1,0.51
Shadow of the Day,290360,290360,0.08,1.0
Shake It Off,1819623,2095560,0.51,0.87
Shake That,2177220,2744400,0.6,0.79
Shake The Room (feat. Quavo),563573,993840,0.16,0.57
Shake Ya Tailfeather - Radio Edit,699920,885519,0.19,0.79
Sharing Locations (feat. Lil Baby & Lil Durk),105953,161053,0.03,0.66
Shawty (feat. T Pain),657828,1277065,0.18,0.52
Shawty Is Da Shit,45045,262773,0.01,0.17
She Be Like (Bom Bom Bom),180140,200240,0.05,0.9
She Don't (feat. Ty Dolla $Ign),1744466,2112784,0.48,0.83
She Feelin Nice (feat. Jamie Foxx),2424440,3571371,0.67,0.68
She Got It,337188,548106,0.09,0.62
She Knows,214725,214726,0.06,1.0
She Never Been To Pluto,204117,204117,0.06,1.0
She Think,85057,163920,0.02,0.52
She Wanna Party (feat. Millie Go Lightly),1043147,1503522,0.29,0.69
She Wants My Money,253576,267120,0.07,0.95
She Wildin',1712226,2290800,0.48,0.75
She Will,136573,305840,0.04,0.45
She's Country,1160,220573,0.0,0.01
Sheesh!,1922907,2083858,0.53,0.92
Shine,1235547,1278291,0.34,0.97
Shoota (feat. Lil Uzi Vert),3233574,4306400,0.9,0.75
Shot Clock Violations,1753990,4845513,0.49,0.36
Shots,551475,437492,0.15,1.26
Shotta Flow,160013,160013,0.04,1.0
Shotta Flow (Feat. Blueface) [Remix],176631,176632,0.05,1.0
Show Me (feat. Chris Brown),312581,1089000,0.09,0.29
Show You,5174826,8142880,1.44,0.64
Shower,206166,206167,0.06,1.0
Shut It Down,257873,419307,0.07,0.61
Sick Boy,817,193893,0.0,0.0
"Signed, Sealed, Delivered (I'm Yours)",161160,158560,0.04,1.02
Silence,839072,904115,0.23,0.93
Silver Tongue Devil,1104800,1174290,0.31,0.94
Sin (feat. Jaden Smith),202533,202533,0.06,1.0
"Sing About Me, I'm Dying Of Thirst",3564381,5788584,0.99,0.62
Sing For The Moment,402965,1697735,0.11,0.24
Single Again,641199,641199,0.18,1.0
Sit Next to Me,672004,972588,0.19,0.69
Situation,240111,281928,0.07,0.85
Skate,973176,1421861,0.27,0.68
Ski,6149296,8378315,1.71,0.73
Skin like summer,2100153,2229992,0.58,0.94
Skinny Love,201080,201080,0.06,1.0
Skrt,224864,224865,0.06,1.0
Skrt Skrt,259382,347614,0.07,0.75
Sky,2791132,3864680,0.78,0.72
Skyline,670465,1249235,0.19,0.54
Slide,247553,476642,0.07,0.52
Slide (feat. Frank Ocean & Migos),2041368,2769756,0.57,0.74
"Slime Shit (feat. Yak Gotti, Duke & Peewee Roscoe)",280988,556080,0.08,0.51
Slip & Slide (feat. 1TakeJay),746686,830772,0.21,0.9
Slow Dance,809092,809096,0.22,1.0
Slow Dancing in a Burning Room,359549,968000,0.1,0.37
Slow Down,876843,1325922,0.24,0.66
Slow Jamz,408754,632106,0.11,0.65
Slow Motion,161541,197854,0.04,0.82
Smile,250137,287200,0.07,0.87
Smoke Break (feat. Future),454195,679482,0.13,0.67
Smooth (feat. Rob Thomas),1923875,3539844,0.53,0.54
Smooth Criminal - 2012 Remaster,515520,515520,0.14,1.0
Snow White,16309,261835,0.0,0.06
Snowchild,247186,247187,0.07,1.0
Snowfall,359083,706000,0.1,0.51
So 4Real,614117,614120,0.17,1.0
So Good,146273,213253,0.04,0.69
So Good (& Metro Boomin),169737,268720,0.05,0.63
So Sick,384414,621561,0.11,0.62
So What,31142,215160,0.01,0.14
Sober (feat. Roddy Ricch & Post Malone),5307222,7363477,1.47,0.72
Sold Out Dates (feat. Lil Baby),332736,332736,0.09,1.0
Solid (feat. Blxst & Kehlani),4299670,5463780,1.19,0.79
Solitaires (feat. Travis Scott),16810,205666,0.0,0.08
Solo,225697,194267,0.06,1.16
Some Cool Shit,545377,896728,0.15,0.61
Some Kind Of Drug (feat. Marc E. Bassy),444932,444934,0.12,1.0
Someone Like You,285240,285040,0.08,1.0
Someone Said,136526,446550,0.04,0.31
Something New,822326,1071485,0.23,0.77
Something New (feat. Ty Dolla $ign),401546,401548,0.11,1.0
Something Special,158466,158466,0.04,1.0
Sometimes,4683789,10389888,1.3,0.45
Song Cry,313094,539546,0.09,0.58
Song Goes Off,56070,244280,0.02,0.23
Sorry Not Sorry,706333,815040,0.2,0.87
Sorry for Not Answering the Phone I'm Too Busy Trying to Fly Away,132413,132414,0.04,1.0
Sour Patch Kids,687195,1010240,0.19,0.68
Spend It (feat. Young Thug),102353,319282,0.03,0.32
Spice Girl,347892,347894,0.1,1.0
Spirit Of Ecstasy,1224040,2138334,0.34,0.57
Splashin,1291768,1778060,0.36,0.73
Square One,964155,1120770,0.27,0.86
Staccato,318357,469680,0.09,0.68
Stacy's Mom,91738,193043,0.03,0.48
Stairway to Heaven - Remaster,94372,965660,0.03,0.1
Stan,13930,404107,0.0,0.03
Starships,559689,631881,0.16,0.89
Starving,181169,181880,0.05,1.0
Stay,2240444,2731183,0.62,0.82
Stay Next To Me (with Chelsea Cutler),488649,824184,0.14,0.59
"Stay With Me (with Justin Timberlake, Halsey & Pharrell)",2433678,2980679,0.68,0.82
Stayin Alive,410099,570746,0.11,0.72
Stereo Hearts (feat. Adam Levine),185,210960,0.0,0.0
Still Be Friends (feat. Tory Lanez & Tyga),1452011,1919772,0.4,0.76
Still Callin' (feat. Teeflii),332184,533414,0.09,0.62
Still Dreamin (with JID & Lute feat. 6LACK),275518,522106,0.08,0.53
Still Got It,466185,673521,0.13,0.69
Still Here (feat. Cordae),304557,588201,0.08,0.52
Still Omw,3645893,4040855,1.01,0.9
Stolen Moments,137638,137638,0.04,1.0
Stone Cold,167301,167302,0.05,1.0
Stoney (feat. Phoelix & BJRKNC),211296,211296,0.06,1.0
Stoop So Low,83208,395876,0.02,0.21
Stop Snitchin,354451,449640,0.1,0.79
Stop This Train,908359,1425265,0.25,0.64
Story Time,3379281,4698000,0.94,0.72
Story of My Life,10501,490986,0.0,0.02
Straightjacket,619599,619599,0.17,1.0
Strangers - R3hab Remix,3761,151304,0.0,0.02
Strawberry Skies,9061948,12895974,2.52,0.7
Street Kings (feat. Meek Mill),120115,228185,0.03,0.53
Streetcar,516354,740916,0.14,0.7
Streets Ain't Safe,1838948,2420955,0.51,0.76
Stressed (with J. Cole & T-Shyne),440824,440826,0.12,1.0
Stressed Out,1301,202333,0.0,0.01
Strip (feat. Kevin McCall),167813,167813,0.05,1.0
Stronger,313256,623734,0.09,0.5
Stubborn Love,752570,1674000,0.21,0.45
Studio,729328,1112268,0.2,0.66
Stuntin' On You (feat. DaBaby),363611,423369,0.1,0.86
Suffocate,112526,440106,0.03,0.26
Suga Suga,1017474,1434162,0.28,0.71
Sugar (feat. Wynter),124021,252933,0.03,0.49
"Sugar, We're Goin Down",458186,458186,0.13,1.0
Suge,954548,1143240,0.27,0.83
Sum 2 Prove,155604,617280,0.04,0.25
Summer,590903,1930135,0.16,0.31
Summer Love,461809,758919,0.13,0.61
Summer Luv,90420,181794,0.03,0.5
Summer Madness,722203,773601,0.2,0.93
Sunday,8153700,11469114,2.26,0.71
Sunday Best,954471,1268568,0.27,0.75
Sunday Morning,1209865,1714069,0.34,0.71
Sundress,161316,474618,0.04,0.34
Sunroof,1287724,1898024,0.36,0.68
Super Bass,28597,200013,0.01,0.14
Super Freak,205466,205467,0.06,1.0
Superman,410792,595920,0.11,0.69
Superstar,177045,265613,0.05,0.67
Suppose To,50402,222642,0.01,0.23
Surf (feat. Gunna),425623,552279,0.12,0.77
Surround Sound (feat. 21 Savage & Baby Tate),700272,1379628,0.19,0.51
Sway (feat. Quavo & Lil Yachty),271586,488186,0.08,0.56
Sweet Caroline,145055,203573,0.04,0.71
Sweet Pea,259252,259254,0.07,1.0
Swervin (feat. 6ix9ine),289404,378974,0.08,0.76
Switch Lanes,221493,221493,0.06,1.0
T-Shirt,684914,1212035,0.19,0.57
TAlk tO Me (with Rich The Kid),12592,184490,0.0,0.07
TD (feat. Problem),553031,712173,0.15,0.78
THE TASTE feat. BJ The Chicago Kid & Papi Beatz,7263104,9495945,2.02,0.76
Tadow,1486613,3018930,0.41,0.49
Take It Easy,2858219,3192750,0.79,0.9
Take You There,286940,473386,0.08,0.61
Taking A Walk,488650,730080,0.14,0.67
Talk,42763,394974,0.01,0.11
Talk Dirty (feat. 2 Chainz),177685,177685,0.05,1.0
"Talk To Me Nice (Feat. Meek Mill, Moneybagg Yo & Blxst)",1133184,2253500,0.31,0.5
Talk to 'em',231252,231254,0.06,1.0
Talk to Me Nicely,2105702,2402160,0.58,0.88
Tap (feat. Meek Mill),773929,889668,0.21,0.87
Tapestry,195562,195562,0.05,1.0
Taste (feat. Offset),397252,698877,0.11,0.57
Teach Me How to Dougie,204747,474960,0.06,0.43
Team,193049,386118,0.05,0.5
Teenage Dream,227741,227760,0.06,1.0
Telephone,243149,441254,0.07,0.55
Televised,76556,194717,0.02,0.39
Tell Em,445983,731952,0.12,0.61
Tell Me When to Go (feat. Keak da Sneak),2139299,3802672,0.59,0.56
Tell The Truth (with Shordie Shordie),151322,405334,0.04,0.37
Temperature,391956,400018,0.11,0.98
Tempo,437488,656232,0.12,0.67
Tennis Court,212658,795628,0.06,0.27
Thank Me Now,204090,328573,0.06,0.62
Thanksgiving,386662,396294,0.11,0.98
That Nigga (feat. Jay Ant),361262,361262,0.1,1.0
That Way - Bonus Track,6268847,7857098,1.74,0.8
That's A Fact,360030,360032,0.1,1.0
"That's My N**** (with Meek Mill, YG & Snoop Dogg)",2780,199747,0.0,0.01
That's What I Like,1808629,2066930,0.5,0.88
That's on You,814670,1473080,0.23,0.55
That's the Way (I Like It) - 2004 Remaster,185106,185107,0.05,1.0
That's the Way It Is,248493,482746,0.07,0.51
The Best Part of Life,21753489,28743604,6.04,0.76
The Bigger Picture,829751,1769103,0.23,0.47
The Black and White,35515,279197,0.01,0.13
The Body (feat. Jeremih),246314,465322,0.07,0.53
The Climb,236066,236067,0.07,1.0
The Fog,2968696,3180000,0.82,0.93
The Jackie (with J. Cole & Lil Tjay),321046,408868,0.09,0.79
The Journey,9148,266820,0.0,0.03
The Last Song,3245705,6193131,0.9,0.52
The Lazy Song,2815338,3403962,0.78,0.83
The London (feat. J. Cole & Travis Scott),548377,800748,0.15,0.68
The Loser,131586,131657,0.04,1.0
The Man Who Can't Be Moved,10886,241467,0.0,0.05
The Middle,2563161,3325176,0.71,0.77
The Mountain,236508,425000,0.07,0.56
The Oldest Man In The Room,216000,216000,0.06,1.0
The Real Slim Shady,498276,568400,0.14,0.88
The Take (feat. Chris Brown),442984,442984,0.12,1.0
The Tip Of The Iceberg,159760,202973,0.04,0.79
The Top,3514631,4909325,0.98,0.72
The Tour,244800,713680,0.07,0.34
The Voice,179724,179724,0.05,1.0
The Way,401709,454054,0.11,0.88
The Way I Live - Radio Clean Edit,9659,238560,0.0,0.04
The Way Life Goes (feat. Oh Wonder),429146,665241,0.12,0.65
The Way You Make Me Feel - 2012 Remaster,381132,596240,0.11,0.64
The Way You Move (feat. Sleepy Brown),238540,468000,0.07,0.51
The Weekend (feat. Young Thug & Swizz Beatz),52221,287867,0.01,0.18
The Woo (feat. 50 Cent & Roddy Ricch),2844261,4032000,0.79,0.71
There Goes My Baby,84655,562586,0.02,0.15
There I Go,71749,202173,0.02,0.35
Thinking About You (feat. Ayah Marar),247933,247933,0.07,1.0
This Is What You Came For,222160,222160,0.06,1.0
Thong Song,253733,253733,0.07,1.0
Thotiana,258528,258528,0.07,1.0
Thoughts,121445,121446,0.03,1.0
Thousand Ways,166736,166737,0.05,1.0
Thrift Shop (feat. Wanz),235613,235613,0.07,1.0
Thriller,695743,715600,0.19,0.97
Through The Wire,226148,663681,0.06,0.34
Through and Through,113684,113684,0.03,1.0
Through the Fire (feat. Quavo),1891094,2874032,0.53,0.66
Throw It In The Bag,231573,231573,0.06,1.0
Throw Sum Mo,4930,260453,0.0,0.02
Throw Your Hood Up,1114292,1114292,0.31,1.0
Thru The Fire,349434,349434,0.1,1.0
Thrusting (feat. Swae Lee & Future),222680,222680,0.06,1.0
Thugz Mansion (feat. Ty Dolla $ign & YG),825516,1306298,0.23,0.63
TiK ToK,213433,399386,0.06,0.53
Tic Toc,860981,1220376,0.24,0.71
Tic Toc (with Tory Lanez),150039,150041,0.04,1.0
Tie Me Down (feat. Ray J),178807,178808,0.05,1.0
Tied Up (feat. DeJ Loaf),961015,1354829,0.27,0.71
Till I Die,379091,424426,0.11,0.89
Time,3753987,7715568,1.04,0.49
Time (feat. Roddy Ricch),88117,662361,0.02,0.13
Time Will Tell,506025,506028,0.14,1.0
Time of Our Lives,688080,688080,0.19,1.0
Timing,373920,373920,0.1,1.0
Tints (feat. Kendrick Lamar),536800,536800,0.15,1.0
Tiny Dancer,377093,377613,0.1,1.0
Tipsy - Club Mix,125481,243227,0.03,0.52
Tired Of You,21096,188405,0.01,0.11
Today (feat. Gunna),4137885,5097932,1.15,0.81
Tone It Down (feat. Chris Brown),484503,663156,0.13,0.73
Tonight,193316,413036,0.05,0.47
Tonight (I'm Fuckin' You),230878,231653,0.06,1.0
Tonight Tonight,394654,601401,0.11,0.66
Tony Tone,22285,208373,0.01,0.11
Too Hotty,124017,297377,0.03,0.42
Too Many Nights (feat. Don Toliver & with Future),9452230,11195520,2.63,0.84
Too Much (feat. Lucky Daye),1533896,2153980,0.43,0.71
Too Quick,655966,1101840,0.18,0.6
Too Young,8173,237147,0.0,0.03
Toot It And Boot It,513459,974988,0.14,0.53
Top Off Benz (feat. Young Thug),479597,727509,0.13,0.66
"Touchin, Lovin (feat. Nicki Minaj)",443942,443944,0.12,1.0
Toxic,213288,198800,0.06,1.07
Transportin',506577,677380,0.14,0.75
Trap (feat. Lil Baby),430862,554346,0.12,0.78
Trap House (feat. Shoreline Mafia),544841,885584,0.15,0.62
Trap Paris (feat. Quavo & Ty Dolla $ign),57283,203000,0.02,0.28
Trap Queen,223904,444186,0.06,0.5
Treehouse (feat. Shotty Horroh),219933,219933,0.06,1.0
Tribe (with J. Cole),271164,476106,0.08,0.57
Trick'n - Radio Version,995911,1049465,0.28,0.95
Trina,141653,141653,0.04,1.0
"Trip On It (feat. DaBoii, $tupid Young & Fenix Flexin)",2960979,4627436,0.82,0.64
Trophies,705033,941600,0.2,0.75
True Love,1406677,2228565,0.39,0.63
Truffle Butter,688069,1543269,0.19,0.45
Trumpets,217419,217419,0.06,1.0
Trust Nobody,173114,173115,0.05,1.0
Truth,228162,228163,0.06,1.0
Truth Be Told,160589,160589,0.04,1.0
Try Me,5054,435146,0.0,0.01
Turks (feat. Travis Scott),402124,484131,0.11,0.83
Twin Flame,3408114,4874562,0.95,0.7
Tyler Herro,733970,1251984,0.2,0.59
U Mad,1811642,2698200,0.5,0.67
U Remind Me,114683,266893,0.03,0.43
U and Dat (feat. T. Pain & Kandi Girl),336355,810880,0.09,0.41
Uber,5855515,6603245,1.63,0.89
Uber Everywhere,153428,153429,0.04,1.0
Ultraviolet,664145,749256,0.18,0.89
Umbrella,97290,275987,0.03,0.35
Unbothered,952,138427,0.0,0.01
Undefeated (feat. Lil Keed),240839,312934,0.07,0.77
Under The Sun (with J. Cole & Lute feat. DaBaby),90691,404080,0.03,0.22
Understand (feat. Blxst),5385933,7525462,1.5,0.72
Understand Me,626436,1680840,0.17,0.37
Unforgettable,2280560,2806824,0.63,0.81
Unstoppable - FKJ Remix,636402,948912,0.18,0.67
Unwritten,249289,259333,0.07,0.96
Up All Night,157220,157220,0.04,1.0
Up Down (Do This All Day) (feat. B.o.B),231093,231093,0.06,1.0
Up There,220473,389654,0.06,0.57
Up Up & Away,429242,454694,0.12,0.94
Up the River,704426,758004,0.2,0.93
Upgrade U (feat. Jay-Z),554154,1363535,0.15,0.41
Used To It,598200,598200,0.17,1.0
Used to This (feat. Drake),180520,180520,0.05,1.0
VIBEZ,1493912,1594285,0.41,0.94
"Valerie - Live At BBC Radio 1 Live Lounge, London / 2007",588836,701199,0.16,0.84
Valet (feat. Fetty Wap and 2 Chainz),1050017,1430268,0.29,0.73
"Verify (feat. Young Thug, Gunna)",734061,980958,0.2,0.75
Versace on the Floor,284605,1044960,0.08,0.27
Vetement Socks,5552501,6358526,1.54,0.87
Vibe Like This (feat. Ty Dolla $ign & Lucky Daye),6280633,8642568,1.74,0.73
Vibe With You (feat. Ty Dolla $ign),1045499,1884510,0.29,0.55
Violent Crimes,1844574,2583840,0.51,0.71
Vlone Flex,2830247,3201768,0.79,0.88
Voice of the Heroes,2706252,2930186,0.75,0.92
Vroom Vroom,471354,471354,0.13,1.0
W2LEEZY,196428,196429,0.05,1.0
WAIT FOR U (feat. Drake & Tems),2889285,3607967,0.8,0.8
WAKE UP,231963,231964,0.06,1.0
WELFARE (feat. Westside Gunn),192070,557076,0.05,0.34
WHATS POPPIN,19667,279482,0.01,0.07
WRONG (feat. Lil Mosey),1636207,1652103,0.45,0.99
WUSYANAME (feat. Youngboy Never Broke Again & Ty Dolla $ign),3494,243146,0.0,0.01
Wait for You,12407,261320,0.0,0.05
Waiting On the World to Change,603519,603519,0.17,1.0
Wake It Up,5985732,8022200,1.66,0.75
Wake Up This Day,13091,229238,0.0,0.06
Walk,38363,288192,0.01,0.13
Walk Em Down (feat. Roddy Ricch),357702,513864,0.1,0.7
Walk It Out,132521,346080,0.04,0.38
Walk It Talk It,855212,1380735,0.24,0.62
Walk Thru (feat. Problem),151370,187826,0.04,0.81
Walking On A Dream,198440,198440,0.06,1.0
Walking On Sunshine,238733,238733,0.07,1.0
Wander With Me,2540930,4308420,0.71,0.59
Wandering,281266,281267,0.08,1.0
Want Her,1278273,3031160,0.36,0.42
Wanted You (feat. Lil Uzi Vert),125759,228080,0.03,0.55
Wants and Needs (feat. Lil Baby),2928498,3859120,0.81,0.76
War with Me,422384,422384,0.12,1.0
Wat's Wrong (feat. Zacari & Kendrick Lamar),125765,661566,0.03,0.19
Watch (feat. Lil Uzi Vert & Kanye West),4597,217405,0.0,0.02
Water,234818,277872,0.07,0.85
Watery,421124,421126,0.12,1.0
Wave of You,2866911,3849156,0.8,0.74
Waves,482799,907865,0.13,0.53
Waves - Robin Schulz Radio Edit,109946,208133,0.03,0.53
Wavy (feat. Joe Moses),390550,750684,0.11,0.52
Way Back Home (feat. Ty Dolla $ign),1001263,1194702,0.28,0.84
Way It Goes,490912,490912,0.14,1.0
Way More Close (Stuck In A Box) (feat. Big Sean),4123080,5704989,1.15,0.72
We Are,236812,236812,0.07,1.0
We Are One (Ole Ola) [The Official 2014 FIFA World Cup Song] (feat. Jennifer Lopez & Claudia Leitte),222520,222520,0.06,1.0
We Belong Together,201400,201400,0.06,1.0
We Caa Done (feat. Drake),980960,980964,0.27,1.0
We Can't Be Friends,208451,208452,0.06,1.0
We Could Go Back,192449,192449,0.05,1.0
We Find Love,1671742,2294271,0.46,0.73
We The Ones (feat. Blxst & Tree Thomas),227524,443090,0.06,0.51
We've Never Met but Can We Have a Cup of Coffee or Something,199603,199604,0.06,1.0
Webbie (feat. Duke),1314400,1415358,0.37,0.93
Wednesday Morning,235409,235410,0.07,1.0
Weekend (feat. Miguel),343712,624240,0.1,0.55
Weekend Millionaires,4723870,5379240,1.31,0.88
Welcome To The Party,10567837,15692080,2.94,0.67
West Coast Love,3635774,4738514,1.01,0.77
West LA,28938,322022,0.01,0.09
Wet Dreamz,160983,239320,0.04,0.67
What Happened To Virgil (feat. Gunna),4335449,5985969,1.2,0.72
What I've Done,93610,205613,0.03,0.46
What They Want,165853,165853,0.05,1.0
What You Know Bout Love,60613,320000,0.02,0.19
What's My Name?,263173,263173,0.07,1.0
What's the Move (feat. Lil Uzi Vert),156363,251080,0.04,0.62
Whatcha Say,193102,221253,0.05,0.87
Whatever You Like,39397,499066,0.01,0.08
Whatever You Need (feat. Chris Brown & Ty Dolla $ign),2061919,2669849,0.57,0.77
When I Come Around,901117,1116695,0.25,0.81
When I Grow Up,998,245680,0.0,0.0
Where The Hood At,288886,572534,0.08,0.5
Where the Party At (feat. Nelly),1653851,2790876,0.46,0.59
Wherever You Are (with Tory Lanez),1229215,1612000,0.34,0.76
Whip My Hair,195440,193960,0.05,1.01
White Iverson,256533,256533,0.07,1.0
Who Booty (Remix) (feat. French Montana),1127634,1516904,0.31,0.74
Who Dat Girl (feat. Akon),152321,803520,0.04,0.19
Who Do You Love?,1406368,1634549,0.39,0.86
Who Hurt You?,927785,927856,0.26,1.0
Who Needs Love,347740,347740,0.1,1.0
Who Says,175480,175480,0.05,1.0
Who's That Chick ? (feat. Rihanna) - Single Version,51057,165600,0.01,0.31
Why Georgia,2190991,3227676,0.61,0.68
"Why Georgia - Live at the Nokia Theatre, Los Angeles, CA - December 2007",526350,534800,0.15,0.98
Wide Awake,21863,441894,0.01,0.05
Wide Open (feat. Ta-ku & Masego) - Cabu & Ta-ku Remix,4325943,6613454,1.2,0.65
Wife You,22476,191460,0.01,0.12
Wife You Up,108762,183253,0.03,0.59
Wild Thoughts - Medasin Dance Remix,274670,274670,0.08,1.0
Will We Ever Know - Intro,104095,104095,0.03,1.0
Willing To Trust (with Ty Dolla $ign),1115051,2256424,0.31,0.49
Window,1415672,1950102,0.39,0.73
Winner (feat. Justin Timberlake & T.I.),684386,727119,0.19,0.94
Wishing Well,593894,778484,0.16,0.76
With You,252120,252120,0.07,1.0
Without Me,491980,403322,0.14,1.22
Without Me (with Juice WRLD),91904,228816,0.03,0.4
Woah (feat. Miguel & Ty Dolla $ign),346262,516576,0.1,0.67
Wobble,540416,643974,0.15,0.84
Wolves,63901,233531,0.02,0.27
Won't Go (feat. Blxst),7972833,9562500,2.21,0.83
Woo Baby (feat. Chris Brown),629543,780000,0.17,0.81
Woodlawn,143152,143153,0.04,1.0
Woods,1583478,1736796,0.44,0.91
Work,219320,219320,0.06,1.0
Work Out,470640,469546,0.13,1.0
Work from Home (feat. Ty Dolla $ign),641510,643440,0.18,1.0
World Rage,135418,135419,0.04,1.0
Worth It,131610,189253,0.04,0.7
"Wouldn't Be Us (with YG, Blxst)",3300923,3705078,0.92,0.89
Wouldn't Leave,411092,411094,0.11,1.0
Wow.,139036,149520,0.04,0.93
Write My Name,1149806,1382400,0.32,0.83
Wrong or Right,10368738,12240000,2.88,0.85
X (with 2 Chainz & Saudi),975531,1069708,0.27,0.91
XO Tour Llif3,2213979,2740605,0.61,0.81
Y.M.C.A.,286666,286667,0.08,1.0
YOSEMITE,431544,450129,0.12,0.96
YUSO (feat. Lil Wayne & Saweetie),569774,694560,0.16,0.82
Yacht Club (feat. Juice WRLD),665372,665372,0.18,1.0
Yea Yea,557642,557412,0.15,1.0
Yeah 3x,241666,241667,0.07,1.0
Yeah! (feat. Lil Jon & Ludacris),1068674,1251865,0.3,0.85
Yes Indeed,496516,711365,0.14,0.7
Yessirskiii,156014,658020,0.04,0.24
Yiken (Certified),493360,596889,0.14,0.83
Yo (Excuse Me Miss),384729,458080,0.11,0.84
"Yo Love - From ""Queen & Slim: The Soundtrack""",1582130,1582130,0.44,1.0
You,1578330,3550729,0.44,0.44
You & I (Nobody in the World),252653,252653,0.07,1.0
You & Me - Flume Remix,155841,282813,0.04,0.55
You (Remix) feat. Blueface,302716,672720,0.08,0.45
You And Me,186665,195493,0.05,0.95
You Found Me,3993,241853,0.0,0.02
You Got It,702114,1015725,0.2,0.69
You Gotta Be,146023,245200,0.04,0.6
You Said (feat. Quavo),355020,402067,0.1,0.88
You and Me,968554,1405368,0.27,0.69
You and Your Friends (feat. Snoop Dogg & Ty Dolla $ign),559119,559119,0.16,1.0
You're On My Mind,7279521,12161109,2.02,0.6
Young Dumb & Broke,202546,202547,0.06,1.0
Your Body Is a Wonderland,518505,998508,0.14,0.52
Your Eyes,306932,255060,0.09,1.2
Your Peace (feat. Lil Baby),523216,735680,0.15,0.71
You’re Mines Still (feat. Drake),6029,452440,0.0,0.01
Z4L (with Bari & Jay2),21143,325182,0.01,0.07
ZEZE (feat. Travis Scott & Offset),976009,1372560,0.27,0.71
[Admire Her] (with Gunna),2846608,3155540,0.79,0.9
[oops],145525,284366,0.04,0.51
a m a r i,148421,148421,0.04,1.0
an Interlude Called “Circus” (feat. Eryn Allen Kane),206924,251892,0.06,0.82
bad vibes forever,2412517,2708550,0.67,0.89
ball w/o you,897584,1170282,0.25,0.77
blue,767266,738000,0.21,1.04
booman,71548,155153,0.02,0.46
bury a friend,193143,193143,0.05,1.0
can't leave without it,107746,205352,0.03,0.52
changes,1323,121969,0.0,0.01
cocoa (with Don Toliver),229608,229608,0.06,1.0
comethru,290972,363226,0.08,0.8
everything you need,1314348,2485896,0.37,0.53
family ties (with Kendrick Lamar),2472584,3528980,0.69,0.7
fast (Remix) [feat. Offset & A Boogie Wit da Hoodie],43490,160063,0.01,0.27
first order of business,315925,506277,0.09,0.62
gone girl,955840,955976,0.27,1.0
goosebumps,433422,487674,0.12,0.89
gorgeous,140742,140743,0.04,1.0
heaD iN thE cloudS,1328369,1484784,0.37,0.89
hibachi (feat. Kodak Black & 21 Savage),10629339,13121801,2.95,0.81
julia,850795,1043468,0.24,0.82
just ask,173846,173846,0.05,1.0
last day on earth,4341408,6910240,1.21,0.63
late at night,833763,1572138,0.23,0.53
life got crazy,9342194,13615042,2.6,0.69
lost souls,661248,809184,0.18,0.82
lovesick,150966,150967,0.04,1.0
loving u is harder,737130,737135,0.2,1.0
monster gambling in tokyo,153614,153614,0.04,1.0
moonlit room,205918,501360,0.06,0.41
my new love,73810,131580,0.02,0.56
oneofone_rwrk,91454,91429,0.03,1.0
pick up the phone,252256,252256,0.07,1.0
pushin P (feat. Young Thug),19560373,25345662,5.43,0.77
rockstar (feat. 21 Savage),219726,654441,0.06,0.34
"sincerely, yours",53365,139684,0.01,0.38
snowfall,2706121,3225716,0.75,0.84
superstars,199848,199848,0.06,1.0
"thank u, next",622305,829280,0.17,0.75
this girl,122704,122704,0.03,1.0
too easy (Remix) [feat. Future & Roddy Ricch],14683663,17347704,4.08,0.85
upsides,1382984,1491336,0.38,0.93
viola,86571,86571,0.02,1.0
way back,1390238,1907507,0.39,0.73
when the water meets the mountains (acoustic version),294374,315894,0.08,0.93
wokeuplikethis*,235535,235535,0.07,1.0
